Workbook

Sheet Description
A1: Excel sheet summary
A3: 1. Se-M raw data in "Se_M", 10 point analysis
A4: 2. Normalized to highest peak (993 cm-1) in "Normalized" sheet
A5: 3. Take average of the normalized 10 spectra in "Plot"
A6: Plot is for Figure 2c

Sheet Se_M
A1: X value [cmâ»Â¹] | B1: S1/O-PTIR (mV) [mV] | C1: S2/O-PTIR (mV) [mV] | D1: S3/O-PTIR (mV) [mV] | E1: S4/O-PTIR (mV) [mV] | F1: S5/O-PTIR (mV) [mV] | G1: S6/O-PTIR (mV) [mV] | H1: S7/O-PTIR (mV) [mV] | I1: S8/O-PTIR (mV) [mV] | J1: S9/O-PTIR (mV) [mV] | K1: S10/O-PTIR (mV) [mV]
A2: 935 | B2: -0.30850186 | C2: -1.209579 | D2: 1.2710658 | E2: 5.760487 | F2: -6.8952243 | G2: -0.51533101 | H2: -1.3175862 | I2: -6.9309405 | J2: -2.4724154 | K2: -0.032445168
A3: 937 | B3: 1.0621295 | C3: -4.6863616 | D3: 2.1471184 | E3: 1.4457098 | F3: -6.4140737 | G3: -1.9684275 | H3: -0.94527234 | I3: -12.097128 | J3: -2.0935879 | K3: 1.6793832
A4: 939 | B4: 1.1108462 | C4: -4.5104278 | D4: -0.014396787 | E4: -2.2103209 | F4: -5.7755586 | G4: 2.5484371 | H4: 0.66388806 | I4: -16.076728 | J4: -0.72659159 | K4: 0.52684695
A5: 941 | B5: 1.3982695 | C5: -3.1420088 | D5: 0.32982579 | E5: -2.3655203 | F5: 0.50841231 | G5: 2.5457386 | H5: 1.3577321 | I5: -7.3737199 | J5: -1.7108019 | K5: -0.17589316
A6: 943 | B6: 1.005132 | C6: -1.1211609 | D6: 0.32428628 | E6: -0.851121 | F6: -0.1661088 | G6: 1.4133176 | H6: 1.5639796 | I6: -2.2586425 | J6: -2.0147011 | K6: 0.17575983
A7: 945 | B7: 0.62207402 | C7: 0.30729467 | D7: -0.029053351 | E7: 0.215696 | F7: -0.85290202 | G7: 0.32468124 | H7: 0.11406743 | I7: -1.9266854 | J7: -0.66578593 | K7: 1.445004
A8: 947 | B8: 1.4780593 | C8: 1.6866483 | D8: 2.1149239 | E8: 0.30286727 | F8: -2.3911557 | G8: -0.21740735 | H8: -1.1222902 | I8: -2.780495 | J8: -0.51199862 | K8: 2.3660083
A9: 949 | B9: 2.0651796 | C9: 2.9959735 | D9: 3.5178326 | E9: 0.52073978 | F9: -1.7838433 | G9: 0.95486364 | H9: -1.994792 | I9: -1.5454406 | J9: -0.25910499 | K9: 3.2064082
A10: 951 | B10: 2.0648615 | C10: 3.6708266 | D10: 3.648208 | E10: 1.0788468 | F10: 0.49069997 | G10: 1.3008192 | H10: -1.2497084 | I10: -0.54381649 | J10: -0.95381466 | K10: 2.4922191
A11: 953 | B11: 1.807425 | C11: 3.7719109 | D11: 3.5947699 | E11: -0.072788537 | F11: 0.45077398 | G11: 0.49193124 | H11: 0.15206916 | I11: -1.4275584 | J11: -1.1166464 | K11: 1.3674499
A12: 955 | B12: 1.7459528 | C12: 4.3294537 | D12: 4.2186399 | E12: 0.094963117 | F12: -1.1539163 | G12: 0.2352742 | H12: 0.98845279 | I12: -2.590779 | J12: -1.5233874 | K12: 1.1437566
A13: 957 | B13: 1.8663815 | C13: 4.5977436 | D13: 3.8068879 | E13: -0.0013787985 | F13: -0.60310133 | G13: 1.1032953 | H13: 1.2181337 | I13: -1.6277954 | J13: -0.86020721 | K13: 1.6421019
... A589: 2995 | B589: 2.0689491 | C589: 19.311571 | D589: -22.50771 | E589: -2.2126858 | F589: -12.75503 | G589: 26.528194 | H589: 9.3006241 | I589: -81.129605 | J589: -26.132683 | K589: 21.303786

Sheet Normalized
A1: X value [cmâ»Â¹] | B1: S1/O-PTIR (mV) [mV] | C1: S2/O-PTIR (mV) [mV] | D1: S3/O-PTIR (mV) [mV] | E1: S4/O-PTIR (mV) [mV] | F1: S5/O-PTIR (mV) [mV] | G1: S6/O-PTIR (mV) [mV] | H1: S7/O-PTIR (mV) [mV] | I1: S8/O-PTIR (mV) [mV] | J1: S9/O-PTIR (mV) [mV] | K1: S10/O-PTIR (mV) [mV]
A2: 935 | B2: =Se_M!B2/Se_M!B$31 -> -0.0044714055 | C2: =Se_M!C2/Se_M!C$31 -> -0.016253056 | D2: =Se_M!D2/Se_M!D$31 -> 0.022124008 | E2: =Se_M!E2/Se_M!E$31 -> 0.2082523 | F2: =Se_M!F2/Se_M!F$31 -> -0.1619354 | G2: =Se_M!G2/Se_M!G$31 -> -0.010481182 | H2: =Se_M!H2/Se_M!H$31 -> -0.01571897 | I2: =Se_M!I2/Se_M!I$31 -> -0.032677589 | ... K2: =Se_M!K2/Se_M!K$31 -> -0.00032141935
A3: 937 | B3: =Se_M!B3/Se_M!B$31 -> 0.015394434 | C3: =Se_M!C3/Se_M!C$31 -> -0.06297042 | D3: =Se_M!D3/Se_M!D$31 -> 0.037372468 | E3: =Se_M!E3/Se_M!E$31 -> 0.052265096 | F3: =Se_M!F3/Se_M!F$31 -> -0.15063551 | G3: =Se_M!G3/Se_M!G$31 -> -0.040035331 | H3: =Se_M!H3/Se_M!H$31 -> -0.011277219 | I3: =Se_M!I3/Se_M!I$31 -> -0.057034826 | ... K3: =Se_M!K3/Se_M!K$31 -> 0.016636876
A4: 939 | B4: =Se_M!B4/Se_M!B$31 -> 0.016100531 | C4: =Se_M!C4/Se_M!C$31 -> -0.060606405 | D4: =Se_M!D4/Se_M!D$31 -> -0.00025058862 | E4: =Se_M!E4/Se_M!E$31 -> -0.079907207 | F4: =Se_M!F4/Se_M!F$31 -> -0.13563988 | G4: =Se_M!G4/Se_M!G$31 -> 0.051831994 | H4: =Se_M!H4/Se_M!H$31 -> 0.0079202686 | I4: =Se_M!I4/Se_M!I$31 -> -0.07579761 | ... K4: =Se_M!K4/Se_M!K$31 -> 0.0052192303
A5: 941 | B5: =Se_M!B5/Se_M!B$31 -> 0.020266424 | C5: =Se_M!C5/Se_M!C$31 -> -0.042219024 | D5: =Se_M!D5/Se_M!D$31 -> 0.0057409055 | E5: =Se_M!E5/Se_M!E$31 -> -0.085517953 | F5: =Se_M!F5/Se_M!F$31 -> 0.011940141 | G5: =Se_M!G5/Se_M!G$31 -> 0.05177711 | H5: =Se_M!H5/Se_M!H$31 -> 0.016197916 | I5: =Se_M!I5/Se_M!I$31 -> -0.03476518 | ... K5: =Se_M!K5/Se_M!K$31 -> -0.0017424926
A6: 943 | B6: =Se_M!B6/Se_M!B$31 -> 0.014568316 | C6: =Se_M!C6/Se_M!C$31 -> -0.015064986 | D6: =Se_M!D6/Se_M!D$31 -> 0.0056444855 | E6: =Se_M!E6/Se_M!E$31 -> -0.030769605 | F6: =Se_M!F6/Se_M!F$31 -> -0.0039010908 | G6: =Se_M!G6/Se_M!G$31 -> 0.028745096 | H6: =Se_M!H6/Se_M!H$31 -> 0.018658475 | I6: =Se_M!I6/Se_M!I$31 -> -0.010648914 | ... K6: =Se_M!K6/Se_M!K$31 -> 0.0017411717
A7: 945 | B7: =Se_M!B7/Se_M!B$31 -> 0.0090162994 | C7: =Se_M!C7/Se_M!C$31 -> 0.004129104 | D7: =Se_M!D7/Se_M!D$31 -> -0.00050569891 | E7: =Se_M!E7/Se_M!E$31 -> 0.007797811 | F7: =Se_M!F7/Se_M!F$31 -> -0.020030535 | G7: =Se_M!G7/Se_M!G$31 -> 0.0066036065 | H7: =Se_M!H7/Se_M!H$31 -> 0.0013608389 | I7: =Se_M!I7/Se_M!I$31 -> -0.0090838225 | ... K7: =Se_M!K7/Se_M!K$31 -> 0.01431499
A8: 947 | B8: =Se_M!B8/Se_M!B$31 -> 0.021422893 | C8: =Se_M!C8/Se_M!C$31 -> 0.022663414 | D8: =Se_M!D8/Se_M!D$31 -> 0.036812095 | E8: =Se_M!E8/Se_M!E$31 -> 0.010949214 | F8: =Se_M!F8/Se_M!F$31 -> -0.056156658 | G8: =Se_M!G8/Se_M!G$31 -> -0.004421791 | H8: =Se_M!H8/Se_M!H$31 -> -0.013389065 | I8: =Se_M!I8/Se_M!I$31 -> -0.013109313 | ... K8: =Se_M!K8/Se_M!K$31 -> 0.023438955
A9: 949 | B9: =Se_M!B9/Se_M!B$31 -> 0.029932576 | C9: =Se_M!C9/Se_M!C$31 -> 0.040256755 | D9: =Se_M!D9/Se_M!D$31 -> 0.061230944 | E9: =Se_M!E9/Se_M!E$31 -> 0.01882571 | F9: =Se_M!F9/Se_M!F$31 -> -0.041893833 | G9: =Se_M!G9/Se_M!G$31 -> 0.019420721 | H9: =Se_M!H9/Se_M!H$31 -> -0.023798121 | I9: =Se_M!I9/Se_M!I$31 -> -0.0072863522 | ... K9: =Se_M!K9/Se_M!K$31 -> 0.03176441
A10: 951 | B10: =Se_M!B10/Se_M!B$31 -> 0.029927965 | C10: =Se_M!C10/Se_M!C$31 -> 0.049324724 | D10: =Se_M!D10/Se_M!D$31 -> 0.063500242 | E10: =Se_M!E10/Se_M!E$31 -> 0.039002315 | F10: =Se_M!F10/Se_M!F$31 -> 0.011524164 | G10: =Se_M!G10/Se_M!G$31 -> 0.02645702 | H10: =Se_M!H10/Se_M!H$31 -> -0.01490918 | I10: =Se_M!I10/Se_M!I$31 -> -0.0025639539 | ... K10: =Se_M!K10/Se_M!K$31 -> 0.024689268
A11: 953 | B11: =Se_M!B11/Se_M!B$31 -> 0.026196697 | C11: =Se_M!C11/Se_M!C$31 -> 0.050682988 | D11: =Se_M!D11/Se_M!D$31 -> 0.062570104 | E11: =Se_M!E11/Se_M!E$31 -> -0.0026314408 | F11: =Se_M!F11/Se_M!F$31 -> 0.010586496 | G11: =Se_M!G11/Se_M!G$31 -> 0.010005261 | H11: =Se_M!H11/Se_M!H$31 -> 0.0018142043 | I11: =Se_M!I11/Se_M!I$31 -> -0.0067305681 | ... K11: =Se_M!K11/Se_M!K$31 -> 0.013546697
A12: 955 | B12: =Se_M!B12/Se_M!B$31 -> 0.025305724 | C12: =Se_M!C12/Se_M!C$31 -> 0.058174664 | D12: =Se_M!D12/Se_M!D$31 -> 0.073429105 | E12: =Se_M!E12/Se_M!E$31 -> 0.0034330931 | F12: =Se_M!F12/Se_M!F$31 -> -0.0270999 | G12: =Se_M!G12/Se_M!G$31 -> 0.0047851801 | H12: =Se_M!H12/Se_M!H$31 -> 0.011792367 | I12: =Se_M!I12/Se_M!I$31 -> -0.012214852 | ... K12: =Se_M!K12/Se_M!K$31 -> 0.01133067
A13: 957 | B13: =Se_M!B13/Se_M!B$31 -> 0.027051209 | C13: =Se_M!C13/Se_M!C$31 -> 0.061779664 | D13: =Se_M!D13/Se_M!D$31 -> 0.066262202 | E13: =Se_M!E13/Se_M!E$31 -> -4.9846126e-05 | F13: =Se_M!F13/Se_M!F$31 -> -0.014163927 | G13: =Se_M!G13/Se_M!G$31 -> 0.022439634 | H13: =Se_M!H13/Se_M!H$31 -> 0.014532489 | I13: =Se_M!I13/Se_M!I$31 -> -0.0076746335 | ... K13: =Se_M!K13/Se_M!K$31 -> 0.016267548
... A589: 2995 | B589: =Se_M!B589/Se_M!B$31 -> 0.02998721 | C589: =Se_M!C589/Se_M!C$31 -> 0.25948866 | D589: =Se_M!D589/Se_M!D$31 -> -0.39176632 | E589: =Se_M!E589/Se_M!E$31 -> -0.0799927 | F589: =Se_M!F589/Se_M!F$31 -> -0.29955385 | G589: =Se_M!G589/Se_M!G$31 -> 0.53954998 | H589: =Se_M!H589/Se_M!H$31 -> 0.11095762 | I589: =Se_M!I589/Se_M!I$31 -> -0.38250507 | ... K589: =Se_M!K589/Se_M!K$31 -> 0.21104681

Sheet Plot
A1: X value [cmâ»Â¹] | B1: Average
A2: 935 | B2: =AVERAGE(Normalized!B2:K2)+0.2 -> 0.19071493
A3: 937 | B3: =AVERAGE(Normalized!B3:K3)+0.2 -> 0.17308149
A4: 939 | B4: =AVERAGE(Normalized!B4:K4)+0.2 -> 0.1704958
A5: 941 | B5: =AVERAGE(Normalized!B5:K5)+0.2 -> 0.18853748
A6: 943 | B6: =AVERAGE(Normalized!B6:K6)+0.2 -> 0.19426685
A7: 945 | B7: =AVERAGE(Normalized!B7:K7)+0.2 -> 0.19916914
A8: 947 | B8: =AVERAGE(Normalized!B8:K8)+0.2 -> 0.20113597
A9: 949 | B9: =AVERAGE(Normalized!B9:K9)+0.2 -> 0.21199256
A10: 951 | B10: =AVERAGE(Normalized!B10:K10)+0.2 -> 0.21955622
A11: 953 | B11: =AVERAGE(Normalized!B11:K11)+0.2 -> 0.21292913
A12: 955 | B12: =AVERAGE(Normalized!B12:K12)+0.2 -> 0.20988009
A13: 957 | B13: =AVERAGE(Normalized!B13:K13)+0.2 -> 0.21581346
... A589: 2995 | B589: =AVERAGE(Normalized!B589:K589)+0.2 -> 0.11371775
