Workbook

Sheet Description
A2: Summary
A3: OPTIR Point analysis of 1% Se-PS-NPs, 1 ppm D.magna slice
A4: 1- Raw data in "Raw"
A5: 2- "Normalization" to peak 1453 cm-1
A6: 3- "plot" add shifts for clarity

Sheet Raw
A1: X value [cmâ»Â¹] | B1: S1_z/O-PTIR (mV) [] | C1: S2_z/O-PTIR (mV) [] | D1: S3_z/O-PTIR (mV) [] | E1: S4_z/O-PTIR (mV) [] | F1: S5_z_o/O-PTIR (mV) [] | G1: S6_z_o/O-PTIR (mV) [] | H1: S7_z/O-PTIR (mV) [] | I1: S8_z/O-PTIR (mV) [] | J1: S9_z/O-PTIR (mV) [] | K1: S10_z_o_faint/O-PTIR (mV) [] | L1: S11_z/O-PTIR (mV) [] | M1: S12_z/O-PTIR (mV) [] | N1: S13_z_o/O-PTIR (mV) [] | O1: S14_z_o_faint/O-PTIR (mV) [] | P1: S15_z/O-PTIR (mV) [] | Q1: S16_z/O-PTIR (mV) [] | R1: S17_z/O-PTIR (mV) [] | S1: S18_z/O-PTIR (mV) [] | T1: S19_z/O-PTIR (mV) [] | U1: S20_z/O-PTIR (mV) [] | V1: S21_z/O-PTIR (mV) [] | W1: S22_z/O-PTIR (mV) [] | X1: S23_z_o_faint/O-PTIR (mV) [] | Y1: S24_z/O-PTIR (mV) [] | Z1: S25_z_o_faint/O-PTIR (mV) [] | AA1: S26_z_o_faint/O-PTIR (mV) [] | AB1: S27_z/O-PTIR (mV) [] | AC1: S28_z/O-PTIR (mV) [] | AD1: S29_z_o/O-PTIR (mV) [] | AE1: S30_z_o/O-PTIR (mV) []
A2: 935 | B2: 0.5702728 | C2: 7.515398 | D2: 0.96337867 | E2: 0.84547734 | F2: 0.9720546 | G2: 8.1257601 | H2: 0.051570863 | I2: 0.62498939 | J2: 6.3181391 | K2: 2.6513376 | L2: 0.32752424 | M2: 2.5570781 | N2: 0.75577027 | O2: 3.5057347 | P2: 1.5696299 | Q2: -0.49692324 | R2: 4.8862834 | S2: 0.67956978 | T2: -0.15238634 | U2: -0.69556761 | V2: 1.1300495 | W2: 16.056677 | X2: 0.25087112 | Y2: 1.2658851 | Z2: 0.8937903 | AA2: 0.52626717 | AB2: 0.080792286 | AC2: 0.19127648 | AD2: 0.092574552 | AE2: 8.8108978
A3: 937 | B3: 2.5836008 | C3: 7.7573705 | D3: 0.97104299 | E3: 1.0840158 | F3: 1.0893441 | G3: 9.3879147 | H3: 0.4471826 | I3: 0.44639239 | J3: 7.3201256 | K3: 4.6808758 | L3: 1.4029416 | M3: 3.6648819 | N3: 0.55235714 | O3: 4.8391514 | P3: 0.56820893 | Q3: -0.4611659 | R3: 5.821558 | S3: 0.74989235 | T3: -0.21067645 | U3: -0.55180454 | V3: 1.1022967 | W3: 17.171453 | X3: 0.62017459 | Y3: 1.0218942 | Z3: 0.69968927 | AA3: 0.45540071 | AB3: 1.3480502 | AC3: 0.60886896 | AD3: -0.18238926 | AE3: 9.8521843
A4: 939 | B4: 3.9367719 | C4: 8.3026543 | D4: 0.92972791 | E4: 1.0263931 | F4: 1.2147995 | G4: 10.384066 | H4: 0.7461068 | I4: 0.23929113 | J4: 8.3962307 | K4: 5.167212 | L4: 2.4784448 | M4: 5.364706 | N4: -0.22068359 | O4: 6.4193687 | P4: 0.30107805 | Q4: 0.38550255 | R4: 7.3726087 | S4: 0.38692382 | T4: 0.96933264 | U4: -0.27531597 | V4: 1.673479 | W4: 17.853638 | X4: 0.19100797 | Y4: 1.751159 | Z4: 1.1773115 | AA4: 0.64337754 | AB4: 1.6475104 | AC4: 0.78858 | AD4: 0.49184293 | AE4: 9.9647245
A5: 941 | B5: 4.7928209 | C5: 9.7850571 | D5: 1.2738056 | E5: 1.5313833 | F5: 1.5320415 | G5: 10.924092 | H5: 0.76801598 | I5: 0.21133302 | J5: 9.4753675 | K5: 6.5364919 | L5: 3.3864818 | M5: 6.2084689 | N5: -0.45949009 | O5: 7.5759168 | P5: 0.38136831 | Q5: 0.9780764 | R5: 8.9529791 | S5: 0.45710221 | T5: 0.9725973 | U5: 0.0088102045 | V5: 2.0878832 | W5: 19.945816 | X5: 0.66354299 | Y5: 2.3097107 | Z5: 1.1632644 | AA5: 0.73044163 | AB5: 1.9274222 | AC5: 1.2402077 | AD5: 0.91250473 | AE5: 10.794602
A6: 943 | B6: 5.7831659 | C6: 11.196693 | D6: 1.7972966 | E6: 1.9322927 | F6: 2.3154595 | G6: 11.782685 | H6: 1.1558588 | I6: 0.72140199 | J6: 10.888899 | K6: 6.7923303 | L6: 3.8327854 | M6: 7.4250951 | N6: 0.10065632 | O6: 7.9768009 | P6: 0.68320972 | Q6: 1.0828208 | R6: 9.2785387 | S6: 0.26228389 | T6: 1.4633529 | U6: 0.2694678 | V6: 2.6513848 | W6: 22.279642 | X6: 0.64216125 | Y6: 2.4641087 | Z6: 0.97745085 | AA6: 0.85360867 | AB6: 2.3278878 | AC6: 1.3787587 | AD6: 1.5294864 | AE6: 11.572717
A7: 945 | B7: 6.3481369 | C7: 11.955656 | D7: 2.2871447 | E7: 1.9767666 | F7: 2.793252 | G7: 12.431451 | H7: 1.1224523 | I7: 0.82344455 | J7: 11.530308 | K7: 6.7493467 | L7: 4.2334599 | M7: 7.7555127 | N7: 0.23792821 | O7: 8.1998396 | P7: 0.92140996 | Q7: 1.0084755 | R7: 9.6297293 | S7: 0.14052807 | T7: 1.4216435 | U7: 0.38471878 | V7: 3.5569396 | W7: 24.470205 | X7: 1.2690395 | Y7: 3.0225873 | Z7: 0.99963492 | AA7: 0.9176839 | AB7: 2.5154223 | AC7: 1.5209614 | AD7: 1.7655687 | AE7: 12.035976
A8: 947 | B8: 7.234004 | C8: 12.182171 | D8: 2.6153483 | E8: 2.4172969 | F8: 2.573976 | G8: 12.826944 | H8: 1.3660448 | I8: 0.84913093 | J8: 12.147424 | K8: 7.2125473 | L8: 4.216094 | M8: 8.0445089 | N8: 0.19820718 | O8: 8.2999544 | P8: 0.9712984 | Q8: 1.3077667 | R8: 9.596571 | S8: 0.053276777 | T8: 1.2490959 | U8: 0.59903544 | V8: 3.7925575 | W8: 25.49575 | X8: 1.8216918 | Y8: 3.0881817 | Z8: 1.459123 | AA8: 1.3897674 | AB8: 2.5345533 | AC8: 1.5827776 | AD8: 1.6030086 | AE8: 12.407152
A9: 949 | B9: 7.5576787 | C9: 12.253793 | D9: 2.644875 | E9: 2.4502912 | F9: 2.5215716 | G9: 12.994782 | H9: 1.5987519 | I9: 1.0257807 | J9: 12.219247 | K9: 7.1232152 | L9: 4.2364573 | M9: 8.1085711 | N9: 0.50485396 | O9: 8.3404026 | P9: 1.1566324 | Q9: 1.669299 | R9: 9.1231384 | S9: 0.068766251 | T9: 1.5479406 | U9: 0.7763989 | V9: 3.8442767 | W9: 26.319559 | X9: 1.7831566 | Y9: 3.0817964 | Z9: 1.2932258 | AA9: 1.6416124 | AB9: 2.5570617 | AC9: 1.611402 | AD9: 1.6508728 | AE9: 12.173569
A10: 951 | B10: 8.248744 | C10: 13.391894 | D10: 2.8696353 | E10: 2.5249491 | F10: 2.7332792 | G10: 13.436353 | H10: 1.6380265 | I10: 1.2953598 | J10: 12.464359 | K10: 6.986671 | L10: 4.5490947 | M10: 8.4583435 | N10: 0.56980014 | O10: 8.8913898 | P10: 1.3756986 | Q10: 1.8417237 | R10: 9.3351479 | S10: 0.21904297 | T10: 1.6179321 | U10: 0.85905325 | V10: 4.0542927 | W10: 27.770592 | X10: 2.0851817 | Y10: 3.1830034 | Z10: 1.2839258 | AA10: 1.6736118 | AB10: 2.7276766 | AC10: 1.8062032 | AD10: 1.6104319 | AE10: 12.475485
A11: 953 | B11: 8.8386402 | C11: 13.452265 | D11: 3.098825 | E11: 2.8175406 | F11: 2.8977785 | G11: 13.790446 | H11: 1.6213081 | I11: 1.4369272 | J11: 12.504436 | K11: 7.2231374 | L11: 4.3139029 | M11: 8.4704027 | N11: 0.51299489 | O11: 9.0243387 | P11: 1.4695146 | Q11: 1.8048462 | R11: 9.1740561 | S11: 0.36911795 | T11: 1.9108407 | U11: 1.0053633 | V11: 4.4325409 | W11: 27.886097 | X11: 2.2095845 | Y11: 3.2302732 | Z11: 1.4033233 | AA11: 1.5998434 | AB11: 2.7344358 | AC11: 1.9013002 | AD11: 1.5324192 | AE11: 12.771621
A12: 955 | B12: 8.6402931 | C12: 13.434398 | D12: 3.1730201 | E12: 2.9769423 | F12: 3.1321783 | G12: 13.987349 | H12: 1.6495829 | I12: 1.4709651 | J12: 12.867519 | K12: 7.2442136 | L12: 4.2210317 | M12: 8.3493013 | N12: 0.40468943 | O12: 9.1970806 | P12: 1.6562488 | Q12: 1.8723794 | R12: 8.9934292 | S12: 0.57115638 | T12: 2.1104047 | U12: 1.0548269 | V12: 4.9250603 | W12: 27.336689 | X12: 2.0205004 | Y12: 3.2331085 | Z12: 1.3605539 | AA12: 1.7385479 | AB12: 2.7327435 | AC12: 2.0637016 | AD12: 1.8293209 | AE12: 12.720917
A13: 957 | B13: 7.8991542 | C13: 12.771993 | D13: 3.1529586 | E13: 3.0453191 | F13: 3.0268102 | G13: 13.842772 | H13: 1.4056011 | I13: 1.2524439 | J13: 13.096206 | K13: 7.1171589 | L13: 4.4390535 | M13: 8.3682528 | N13: 0.40140092 | O13: 9.464921 | P13: 1.5185905 | Q13: 1.8258859 | R13: 8.3746805 | S13: 0.87761855 | T13: 2.2120638 | U13: 1.0374365 | V13: 5.4155097 | W13: 25.194651 | X13: 1.6843009 | Y13: 3.1548717 | Z13: 1.3646499 | AA13: 1.8421656 | AB13: 2.7534456 | AC13: 1.8836343 | AD13: 1.8141859 | AE13: 12.442258
... A589: 2995 | B589: 3.7196803 | C589: -0.49026656 | D589: 1.614439 | E589: 1.1626761 | F589: -1.6234945 | G589: 1.0644085 | H589: 0.22703514 | I589: -0.12624077 | J589: 0.057049658 | K589: -3.333431 | L589: 0.12817185 | M589: 0.30792922 | N589: 1.6281483 | O589: -3.3562882 | P589: -3.0230598 | Q589: 2.3947859 | R589: 0.18101938 | S589: -3.507936 | T589: -0.4710398 | U589: -0.11203714 | V589: 0.48002592 | W589: -5.5191922 | X589: -0.45220101 | Y589: -2.7049181 | Z589: -3.2825921 | AA589: 2.8610284 | AB589: -1.0918922 | AC589: -0.38366485 | AD589: 1.7306406 | AE589: -1.4156121

Sheet normalization
A1: X value [cmâ»Â¹] | B1: S1_z/O-PTIR (mV) [] | C1: S2_z/O-PTIR (mV) [] | D1: S3_z/O-PTIR (mV) [] | E1: S4_z/O-PTIR (mV) [] | F1: S5_z_o/O-PTIR (mV) [] | G1: S6_z_o/O-PTIR (mV) [] | H1: S7_z/O-PTIR (mV) [] | I1: S8_z/O-PTIR (mV) [] | J1: S9_z/O-PTIR (mV) [] | K1: S10_z_o_faint/O-PTIR (mV) [] | L1: S11_z/O-PTIR (mV) [] | M1: S12_z/O-PTIR (mV) [] | N1: S13_z_o/O-PTIR (mV) [] | O1: S14_z_o_faint/O-PTIR (mV) [] | P1: S15_z/O-PTIR (mV) [] | Q1: S16_z/O-PTIR (mV) [] | R1: S17_z/O-PTIR (mV) [] | S1: S18_z/O-PTIR (mV) [] | T1: S19_z/O-PTIR (mV) [] | U1: S20_z/O-PTIR (mV) [] | V1: S21_z/O-PTIR (mV) [] | W1: S22_z/O-PTIR (mV) [] | X1: S23_z_o_faint/O-PTIR (mV) [] | Y1: S24_z/O-PTIR (mV) [] | Z1: S25_z_o_faint/O-PTIR (mV) [] | AA1: S26_z_o_faint/O-PTIR (mV) [] | AB1: S27_z/O-PTIR (mV) [] | AC1: S28_z/O-PTIR (mV) [] | AD1: S29_z_o/O-PTIR (mV) [] | AE1: S30_z_o/O-PTIR (mV) []
A2: 935 | B2: =Raw!B2/Raw!B$261 -> 0.041882655 | C2: =Raw!C2/Raw!C$261 -> 0.18177942 | D2: =Raw!D2/Raw!D$261 -> 0.34621091 | E2: =Raw!E2/Raw!E$261 -> 0.19362495 | F2: =Raw!F2/Raw!F$261 -> 0.21140734 | G2: =Raw!G2/Raw!G$261 -> 1.0889271 | H2: =Raw!H2/Raw!H$261 -> 0.0091789387 | I2: =Raw!I2/Raw!I$261 -> 0.16105243 | J2: =Raw!J2/Raw!J$261 -> 1.0985776 | K2: =Raw!K2/Raw!K$261/2 -> 0.41973823 | L2: =Raw!L2/Raw!L$261 -> 0.057264116 | M2: =Raw!M2/Raw!M$261/3 -> 0.18385582 | N2: =Raw!N2/Raw!N$261 -> 0.1385705 | O2: =Raw!O2/Raw!O$261 -> 0.42848953 | P2: =Raw!P2/Raw!P$261 -> 0.41709029 | Q2: =Raw!Q2/Raw!Q$261 -> -0.11011702 | R2: =Raw!R2/Raw!R$261 -> 1.6972511 | S2: =Raw!S2/Raw!S$261/3 -> 0.07204441 | T2: =Raw!T2/Raw!T$261 -> -0.042566122 | U2: =Raw!U2/Raw!U$261/2 -> -0.072685439 | V2: =Raw!V2/Raw!V$261/3 -> 0.1045145 | W2: =Raw!W2/Raw!W$261 -> 0.59618775 | X2: =Raw!X2/Raw!X$261 -> 0.048739495 | Y2: =Raw!Y2/Raw!Y$261 -> 0.199809 | Z2: =Raw!Z2/Raw!Z$261 -> 0.22633514 | AA2: =Raw!AA2/Raw!AA$261 -> 0.11140062 | AB2: =Raw!AB2/Raw!AB$261 -> 0.01397529 | AC2: =Raw!AC2/Raw!AC$261 -> 0.052722171 | AD2: =Raw!AD2/Raw!AD$261 -> 0.024008877 | AE2: =Raw!AE2/Raw!AE$261 -> 2.5366227
A3: 937 | B3: =Raw!B3/Raw!B$261 -> 0.18974789 | C3: =Raw!C3/Raw!C$261 -> 0.18763216 | D3: =Raw!D3/Raw!D$261 -> 0.34896525 | E3: =Raw!E3/Raw!E$261 -> 0.24825326 | F3: =Raw!F3/Raw!F$261 -> 0.23691606 | G3: =Raw!G3/Raw!G$261 -> 1.2580675 | H3: =Raw!H3/Raw!H$261 -> 0.07959265 | I3: =Raw!I3/Raw!I$261 -> 0.11503008 | J3: =Raw!J3/Raw!J$261 -> 1.2727998 | K3: =Raw!K3/Raw!K$261/2 -> 0.74103821 | L3: =Raw!L3/Raw!L$261 -> 0.24528935 | M3: =Raw!M3/Raw!M$261/3 -> 0.26350774 | N3: =Raw!N3/Raw!N$261 -> 0.1012747 | O3: =Raw!O3/Raw!O$261 -> 0.59146681 | P3: =Raw!P3/Raw!P$261 -> 0.15098746 | Q3: =Raw!Q3/Raw!Q$261 -> -0.10219328 | R3: =Raw!R3/Raw!R$261 -> 2.0221188 | S3: =Raw!S3/Raw!S$261/3 -> 0.079499639 | T3: =Raw!T3/Raw!T$261 -> -0.058848316 | U3: =Raw!U3/Raw!U$261/2 -> -0.057662483 | V3: =Raw!V3/Raw!V$261/3 -> 0.10194774 | W3: =Raw!W3/Raw!W$261 -> 0.63757963 | X3: =Raw!X3/Raw!X$261 -> 0.12048815 | Y3: =Raw!Y3/Raw!Y$261 -> 0.16129715 | Z3: =Raw!Z3/Raw!Z$261 -> 0.1771828 | AA3: =Raw!AA3/Raw!AA$261 -> 0.096399558 | AB3: =Raw!AB3/Raw!AB$261 -> 0.23318307 | AC3: =Raw!AC3/Raw!AC$261 -> 0.16782457 | AD3: =Raw!AD3/Raw!AD$261 -> -0.047301997 | AE3: =Raw!AE3/Raw!AE$261 -> 2.8364049
A4: 939 | B4: =Raw!B4/Raw!B$261 -> 0.28912909 | C4: =Raw!C4/Raw!C$261 -> 0.20082126 | D4: =Raw!D4/Raw!D$261 -> 0.33411778 | E4: =Raw!E4/Raw!E$261 -> 0.23505692 | F4: =Raw!F4/Raw!F$261 -> 0.26420073 | G4: =Raw!G4/Raw!G$261 -> 1.3915609 | H4: =Raw!H4/Raw!H$261 -> 0.13279725 | I4: =Raw!I4/Raw!I$261 -> 0.061662516 | J4: =Raw!J4/Raw!J$261 -> 1.4599094 | K4: =Raw!K4/Raw!K$261/2 -> 0.81803101 | L4: =Raw!L4/Raw!L$261 -> 0.4333296 | M4: =Raw!M4/Raw!M$261/3 -> 0.38572635 | N4: =Raw!N4/Raw!N$261 -> -0.040462344 | O4: =Raw!O4/Raw!O$261 -> 0.78460938 | P4: =Raw!P4/Raw!P$261 -> 0.080004039 | Q4: =Raw!Q4/Raw!Q$261 -> 0.085426456 | R4: =Raw!R4/Raw!R$261 -> 2.5608764 | S4: =Raw!S4/Raw!S$261/3 -> 0.041019626 | T4: =Raw!T4/Raw!T$261 -> 0.27076398 | U4: =Raw!U4/Raw!U$261/2 -> -0.028769974 | V4: =Raw!V4/Raw!V$261/3 -> 0.15477448 | W4: =Raw!W4/Raw!W$261 -> 0.66290927 | X4: =Raw!X4/Raw!X$261 -> 0.037109222 | Y4: =Raw!Y4/Raw!Y$261 -> 0.27640527 | Z4: =Raw!Z4/Raw!Z$261 -> 0.29813141 | AA4: =Raw!AA4/Raw!AA$261 -> 0.13619063 | AB4: =Raw!AB4/Raw!AB$261 -> 0.28498309 | AC4: =Raw!AC4/Raw!AC$261 -> 0.21735893 | AD4: =Raw!AD4/Raw!AD$261 -> 0.12755769 | AE4: =Raw!AE4/Raw!AE$261 -> 2.8688048
A5: 941 | B5: =Raw!B5/Raw!B$261 -> 0.35200007 | C5: =Raw!C5/Raw!C$261 -> 0.23667703 | D5: =Raw!D5/Raw!D$261 -> 0.45776953 | E5: =Raw!E5/Raw!E$261 -> 0.35070603 | F5: =Raw!F5/Raw!F$261 -> 0.33319613 | G5: =Raw!G5/Raw!G$261 -> 1.4639295 | H5: =Raw!H5/Raw!H$261 -> 0.13669679 | I5: =Raw!I5/Raw!I$261 -> 0.054458039 | J5: =Raw!J5/Raw!J$261 -> 1.6475463 | K5: =Raw!K5/Raw!K$261/2 -> 1.0348043 | L5: =Raw!L5/Raw!L$261 -> 0.59209017 | M5: =Raw!M5/Raw!M$261/3 -> 0.44639353 | N5: =Raw!N5/Raw!N$261 -> -0.084247524 | O5: =Raw!O5/Raw!O$261 -> 0.92596882 | P5: =Raw!P5/Raw!P$261 -> 0.10133919 | Q5: =Raw!Q5/Raw!Q$261 -> 0.21673942 | R5: =Raw!R5/Raw!R$261 -> 3.1098183 | S5: =Raw!S5/Raw!S$261/3 -> 0.04845957 | T5: =Raw!T5/Raw!T$261 -> 0.2716759 | U5: =Raw!U5/Raw!U$261/2 -> 0.00092064894 | V5: =Raw!V5/Raw!V$261/3 -> 0.19310135 | W5: =Raw!W5/Raw!W$261 -> 0.74059229 | X5: =Raw!X5/Raw!X$261 -> 0.1289138 | Y5: =Raw!Y5/Raw!Y$261 -> 0.36456784 | Z5: =Raw!Z5/Raw!Z$261 -> 0.29457425 | AA5: =Raw!AA5/Raw!AA$261 -> 0.15462042 | AB5: =Raw!AB5/Raw!AB$261 -> 0.33340168 | AC5: =Raw!AC5/Raw!AC$261 -> 0.34184256 | AD5: =Raw!AD5/Raw!AD$261 -> 0.23665482 | AE5: =Raw!AE5/Raw!AE$261 -> 3.1077234
A6: 943 | B6: =Raw!B6/Raw!B$261 -> 0.42473417 | C6: =Raw!C6/Raw!C$261 -> 0.27082112 | D6: =Raw!D6/Raw!D$261 -> 0.64589733 | E6: =Raw!E6/Raw!E$261 -> 0.44251933 | F6: =Raw!F6/Raw!F$261 -> 0.50357782 | G6: =Raw!G6/Raw!G$261 -> 1.5789889 | H6: =Raw!H6/Raw!H$261 -> 0.20572773 | I6: =Raw!I6/Raw!I$261 -> 0.18589683 | J6: =Raw!J6/Raw!J$261 -> 1.8933265 | K6: =Raw!K6/Raw!K$261/2 -> 1.0753065 | L6: =Raw!L6/Raw!L$261 -> 0.67012158 | M6: =Raw!M6/Raw!M$261/3 -> 0.53386986 | N6: =Raw!N6/Raw!N$261 -> 0.018455339 | O6: =Raw!O6/Raw!O$261 -> 0.97496702 | P6: =Raw!P6/Raw!P$261 -> 0.18154607 | Q6: =Raw!Q6/Raw!Q$261 -> 0.23995053 | R6: =Raw!R6/Raw!R$261 -> 3.2229015 | S6: =Raw!S6/Raw!S$261/3 -> 0.027805957 | T6: =Raw!T6/Raw!T$261 -> 0.40875881 | U6: =Raw!U6/Raw!U$261/2 -> 0.028158852 | V6: =Raw!V6/Raw!V$261/3 -> 0.24521773 | W6: =Raw!W6/Raw!W$261 -> 0.82724774 | X6: =Raw!X6/Raw!X$261 -> 0.12475974 | Y6: =Raw!Y6/Raw!Y$261 -> 0.38893822 | Z6: =Raw!Z6/Raw!Z$261 -> 0.24752055 | AA6: =Raw!AA6/Raw!AA$261 -> 0.18069251 | AB6: =Raw!AB6/Raw!AB$261 -> 0.40267343 | AC6: =Raw!AC6/Raw!AC$261 -> 0.38003183 | AD6: =Raw!AD6/Raw!AD$261 -> 0.39666679 | AE6: =Raw!AE6/Raw!AE$261 -> 3.3317394
A7: 945 | B7: =Raw!B7/Raw!B$261 -> 0.46622744 | C7: =Raw!C7/Raw!C$261 -> 0.2891786 | D7: =Raw!D7/Raw!D$261 -> 0.82193478 | E7: =Raw!E7/Raw!E$261 -> 0.45270441 | F7: =Raw!F7/Raw!F$261 -> 0.60749055 | G7: =Raw!G7/Raw!G$261 -> 1.6659295 | H7: =Raw!H7/Raw!H$261 -> 0.19978181 | I7: =Raw!I7/Raw!I$261 -> 0.212192 | J7: =Raw!J7/Raw!J$261 -> 2.0048526 | K7: =Raw!K7/Raw!K$261/2 -> 1.0685017 | L7: =Raw!L7/Raw!L$261 -> 0.74017526 | M7: =Raw!M7/Raw!M$261/3 -> 0.55762713 | N7: =Raw!N7/Raw!N$261 -> 0.043624146 | O7: =Raw!O7/Raw!O$261 -> 1.002228 | P7: =Raw!P7/Raw!P$261 -> 0.24484189 | Q7: =Raw!Q7/Raw!Q$261 -> 0.2234758 | R7: =Raw!R7/Raw!R$261 -> 3.3448875 | S7: =Raw!S7/Raw!S$261/3 -> 0.014898046 | T7: =Raw!T7/Raw!T$261 -> 0.39710811 | U7: =Raw!U7/Raw!U$261/2 -> 0.040202351 | V7: =Raw!V7/Raw!V$261/3 -> 0.32896947 | W7: =Raw!W7/Raw!W$261 -> 0.9085838 | X7: =Raw!X7/Raw!X$261 -> 0.24655028 | Y7: =Raw!Y7/Raw!Y$261 -> 0.47708923 | Z7: =Raw!Z7/Raw!Z$261 -> 0.25313824 | AA7: =Raw!AA7/Raw!AA$261 -> 0.19425601 | AB7: =Raw!AB7/Raw!AB$261 -> 0.43511279 | AC7: =Raw!AC7/Raw!AC$261 -> 0.41922765 | AD7: =Raw!AD7/Raw!AD$261 -> 0.45789389 | AE7: =Raw!AE7/Raw!AE$261 -> 3.4651101
A8: 947 | B8: =Raw!B8/Raw!B$261 -> 0.53128835 | C8: =Raw!C8/Raw!C$261 -> 0.29465745 | D8: =Raw!D8/Raw!D$261 -> 0.93988185 | E8: =Raw!E8/Raw!E$261 -> 0.55359139 | F8: =Raw!F8/Raw!F$261 -> 0.55980131 | G8: =Raw!G8/Raw!G$261 -> 1.7189293 | H8: =Raw!H8/Raw!H$261 -> 0.24313809 | I8: =Raw!I8/Raw!I$261 -> 0.21881107 | J8: =Raw!J8/Raw!J$261 -> 2.1121547 | K8: =Raw!K8/Raw!K$261/2 -> 1.1418319 | L8: =Raw!L8/Raw!L$261 -> 0.73713901 | M8: =Raw!M8/Raw!M$261/3 -> 0.57840618 | N8: =Raw!N8/Raw!N$261 -> 0.036341294 | O8: =Raw!O8/Raw!O$261 -> 1.0144646 | P8: =Raw!P8/Raw!P$261 -> 0.2580985 | Q8: =Raw!Q8/Raw!Q$261 -> 0.28979801 | R8: =Raw!R8/Raw!R$261 -> 3.33337 | S8: =Raw!S8/Raw!S$261/3 -> 0.0056481234 | T8: =Raw!T8/Raw!T$261 -> 0.34891034 | U8: =Raw!U8/Raw!U$261/2 -> 0.062598019 | V8: =Raw!V8/Raw!V$261/3 -> 0.35076098 | W8: =Raw!W8/Raw!W$261 -> 0.94666251 | X8: =Raw!X8/Raw!X$261 -> 0.35392012 | Y8: =Raw!Y8/Raw!Y$261 -> 0.48744274 | Z8: =Raw!Z8/Raw!Z$261 -> 0.36949473 | AA8: =Raw!AA8/Raw!AA$261 -> 0.29418699 | AB8: =Raw!AB8/Raw!AB$261 -> 0.43842202 | AC8: =Raw!AC8/Raw!AC$261 -> 0.43626625 | AD8: =Raw!AD8/Raw!AD$261 -> 0.41573451 | AE8: =Raw!AE8/Raw!AE$261 -> 3.5719701
A9: 949 | B9: =Raw!B9/Raw!B$261 -> 0.55506005 | C9: =Raw!C9/Raw!C$261 -> 0.29638981 | D9: =Raw!D9/Raw!D$261 -> 0.95049291 | E9: =Raw!E9/Raw!E$261 -> 0.5611475 | F9: =Raw!F9/Raw!F$261 -> 0.54840413 | G9: =Raw!G9/Raw!G$261 -> 1.7414211 | H9: =Raw!H9/Raw!H$261 -> 0.28455692 | I9: =Raw!I9/Raw!I$261 -> 0.26433164 | J9: =Raw!J9/Raw!J$261 -> 2.1246431 | K9: =Raw!K9/Raw!K$261/2 -> 1.1276895 | L9: =Raw!L9/Raw!L$261 -> 0.74069932 | M9: =Raw!M9/Raw!M$261/3 -> 0.58301229 | N9: =Raw!N9/Raw!N$261 -> 0.092564991 | O9: =Raw!O9/Raw!O$261 -> 1.0194083 | P9: =Raw!P9/Raw!P$261 -> 0.30734643 | Q9: =Raw!Q9/Raw!Q$261 -> 0.36991272 | R9: =Raw!R9/Raw!R$261 -> 3.1689231 | S9: =Raw!S9/Raw!S$261/3 -> 0.0072902359 | T9: =Raw!T9/Raw!T$261 -> 0.43238672 | U9: =Raw!U9/Raw!U$261/2 -> 0.081132149 | V9: =Raw!V9/Raw!V$261/3 -> 0.35554431 | W9: =Raw!W9/Raw!W$261 -> 0.97725069 | X9: =Raw!X9/Raw!X$261 -> 0.34643347 | Y9: =Raw!Y9/Raw!Y$261 -> 0.48643487 | Z9: =Raw!Z9/Raw!Z$261 -> 0.32748445 | AA9: =Raw!AA9/Raw!AA$261 -> 0.34749773 | AB9: =Raw!AB9/Raw!AB$261 -> 0.44231547 | AC9: =Raw!AC9/Raw!AC$261 -> 0.4441561 | AD9: =Raw!AD9/Raw!AD$261 -> 0.42814792 | AE9: =Raw!AE9/Raw!AE$261 -> 3.5047223
A10: 951 | B10: =Raw!B10/Raw!B$261 -> 0.60581409 | C10: =Raw!C10/Raw!C$261 -> 0.32391775 | D10: =Raw!D10/Raw!D$261 -> 1.0312654 | E10: =Raw!E10/Raw!E$261 -> 0.5782451 | F10: =Raw!F10/Raw!F$261 -> 0.59444737 | G10: =Raw!G10/Raw!G$261 -> 1.8005956 | H10: =Raw!H10/Raw!H$261 -> 0.29154728 | I10: =Raw!I10/Raw!I$261 -> 0.33379903 | J10: =Raw!J10/Raw!J$261 -> 2.1672625 | K10: =Raw!K10/Raw!K$261/2 -> 1.106073 | L10: =Raw!L10/Raw!L$261 -> 0.79536062 | M10: =Raw!M10/Raw!M$261/3 -> 0.60816119 | N10: =Raw!N10/Raw!N$261 -> 0.10447287 | O10: =Raw!O10/Raw!O$261 -> 1.0867529 | P10: =Raw!P10/Raw!P$261 -> 0.36555784 | Q10: =Raw!Q10/Raw!Q$261 -> 0.40812163 | R10: =Raw!R10/Raw!R$261 -> 3.2425646 | S10: =Raw!S10/Raw!S$261/3 -> 0.023221783 | T10: =Raw!T10/Raw!T$261 -> 0.45193746 | U10: =Raw!U10/Raw!U$261/2 -> 0.089769366 | V10: =Raw!V10/Raw!V$261/3 -> 0.37496799 | W10: =Raw!W10/Raw!W$261 -> 1.0311278 | X10: =Raw!X10/Raw!X$261 -> 0.40511121 | Y10: =Raw!Y10/Raw!Y$261 -> 0.50240952 | Z10: =Raw!Z10/Raw!Z$261 -> 0.32512941 | AA10: =Raw!AA10/Raw!AA$261 -> 0.35427138 | AB10: =Raw!AB10/Raw!AB$261 -> 0.47182811 | AC10: =Raw!AC10/Raw!AC$261 -> 0.4978498 | AD10: =Raw!AD10/Raw!AD$261 -> 0.41765971 | AE10: =Raw!AE10/Raw!AE$261 -> 3.5916428
A11: 953 | B11: =Raw!B11/Raw!B$261 -> 0.64913795 | C11: =Raw!C11/Raw!C$261 -> 0.32537797 | D11: =Raw!D11/Raw!D$261 -> 1.1136296 | E11: =Raw!E11/Raw!E$261 -> 0.64525225 | F11: =Raw!F11/Raw!F$261 -> 0.6302235 | G11: =Raw!G11/Raw!G$261 -> 1.8480475 | H11: =Raw!H11/Raw!H$261 -> 0.28857162 | I11: =Raw!I11/Raw!I$261 -> 0.37027928 | J11: =Raw!J11/Raw!J$261 -> 2.174231 | K11: =Raw!K11/Raw!K$261/2 -> 1.1435084 | L11: =Raw!L11/Raw!L$261 -> 0.75423984 | M11: =Raw!M11/Raw!M$261/3 -> 0.60902825 | N11: =Raw!N11/Raw!N$261 -> 0.094057629 | O11: =Raw!O11/Raw!O$261 -> 1.1030027 | P11: =Raw!P11/Raw!P$261 -> 0.39048713 | Q11: =Raw!Q11/Raw!Q$261 -> 0.39994966 | R11: =Raw!R11/Raw!R$261 -> 3.1866094 | S11: =Raw!S11/Raw!S$261/3 -> 0.039131941 | T11: =Raw!T11/Raw!T$261 -> 0.53375573 | U11: =Raw!U11/Raw!U$261/2 -> 0.10505848 | V11: =Raw!V11/Raw!V$261/3 -> 0.40995091 | W11: =Raw!W11/Raw!W$261 -> 1.0354166 | X11: =Raw!X11/Raw!X$261 -> 0.42928031 | Y11: =Raw!Y11/Raw!Y$261 -> 0.50987065 | Z11: =Raw!Z11/Raw!Z$261 -> 0.35536453 | AA11: =Raw!AA11/Raw!AA$261 -> 0.33865603 | AB11: =Raw!AB11/Raw!AB$261 -> 0.4729973 | AC11: =Raw!AC11/Raw!AC$261 -> 0.52406169 | AD11: =Raw!AD11/Raw!AD$261 -> 0.3974274 | AE11: =Raw!AE11/Raw!AE$261 -> 3.6768992
A12: 955 | B12: =Raw!B12/Raw!B$261 -> 0.63457071 | C12: =Raw!C12/Raw!C$261 -> 0.32494581 | D12: =Raw!D12/Raw!D$261 -> 1.1402932 | E12: =Raw!E12/Raw!E$261 -> 0.68175723 | F12: =Raw!F12/Raw!F$261 -> 0.68120195 | G12: =Raw!G12/Raw!G$261 -> 1.8744342 | H12: =Raw!H12/Raw!H$261 -> 0.29360416 | I12: =Raw!I12/Raw!I$261 -> 0.37905046 | J12: =Raw!J12/Raw!J$261 -> 2.2373626 | K12: =Raw!K12/Raw!K$261/2 -> 1.146845 | L12: =Raw!L12/Raw!L$261 -> 0.7380023 | M12: =Raw!M12/Raw!M$261/3 -> 0.60032098 | N12: =Raw!N12/Raw!N$261 -> 0.074199821 | O12: =Raw!O12/Raw!O$261 -> 1.1241161 | P12: =Raw!P12/Raw!P$261 -> 0.44010712 | Q12: =Raw!Q12/Raw!Q$261 -> 0.41491487 | R12: =Raw!R12/Raw!R$261 -> 3.1238686 | S12: =Raw!S12/Raw!S$261/3 -> 0.060550993 | T12: =Raw!T12/Raw!T$261 -> 0.58949999 | U12: =Raw!U12/Raw!U$261/2 -> 0.11022732 | V12: =Raw!V12/Raw!V$261/3 -> 0.45550238 | W12: =Raw!W12/Raw!W$261 -> 1.0150169 | X12: =Raw!X12/Raw!X$261 -> 0.39254487 | Y12: =Raw!Y12/Raw!Y$261 -> 0.51031818 | Z12: =Raw!Z12/Raw!Z$261 -> 0.34453399 | AA12: =Raw!AA12/Raw!AA$261 -> 0.36801711 | AB12: =Raw!AB12/Raw!AB$261 -> 0.47270457 | AC12: =Raw!AC12/Raw!AC$261 -> 0.56882494 | AD12: =Raw!AD12/Raw!AD$261 -> 0.47442779 | AE12: =Raw!AE12/Raw!AE$261 -> 3.6623017
A13: 957 | B13: =Raw!B13/Raw!B$261 -> 0.5801391 | C13: =Raw!C13/Raw!C$261 -> 0.30892382 | D13: =Raw!D13/Raw!D$261 -> 1.1330837 | E13: =Raw!E13/Raw!E$261 -> 0.69741637 | F13: =Raw!F13/Raw!F$261 -> 0.65828596 | G13: =Raw!G13/Raw!G$261 -> 1.8550597 | H13: =Raw!H13/Raw!H$261 -> 0.25017861 | I13: =Raw!I13/Raw!I$261 -> 0.3227401 | J13: =Raw!J13/Raw!J$261 -> 2.2771259 | K13: =Raw!K13/Raw!K$261/2 -> 1.1267308 | L13: =Raw!L13/Raw!L$261 -> 0.7761211 | M13: =Raw!M13/Raw!M$261/3 -> 0.6016836 | N13: =Raw!N13/Raw!N$261 -> 0.073596873 | O13: =Raw!O13/Raw!O$261 -> 1.156853 | P13: =Raw!P13/Raw!P$261 -> 0.40352782 | Q13: =Raw!Q13/Raw!Q$261 -> 0.40461201 | R13: =Raw!R13/Raw!R$261 -> 2.9089462 | S13: =Raw!S13/Raw!S$261/3 -> 0.093040498 | T13: =Raw!T13/Raw!T$261 -> 0.61789645 | U13: =Raw!U13/Raw!U$261/2 -> 0.10841006 | V13: =Raw!V13/Raw!V$261/3 -> 0.50086241 | W13: =Raw!W13/Raw!W$261 -> 0.93548261 | X13: =Raw!X13/Raw!X$261 -> 0.32722768 | Y13: =Raw!Y13/Raw!Y$261 -> 0.49796917 | Z13: =Raw!Z13/Raw!Z$261 -> 0.34557124 | AA13: =Raw!AA13/Raw!AA$261 -> 0.38995098 | AB13: =Raw!AB13/Raw!AB$261 -> 0.47628558 | AC13: =Raw!AC13/Raw!AC$261 -> 0.51919239 | AD13: =Raw!AD13/Raw!AD$261 -> 0.47050257 | AE13: =Raw!AE13/Raw!AE$261 -> 3.5820769
A14: 959 | B14: =Raw!B14/Raw!B$261 -> 0.51063907 | C14: =Raw!C14/Raw!C$261 -> 0.27151945 | D14: =Raw!D14/Raw!D$261 -> 1.1293514 | E14: =Raw!E14/Raw!E$261 -> 0.63110031 | F14: =Raw!F14/Raw!F$261 -> 0.61007809 | G14: =Raw!G14/Raw!G$261 -> 1.8356859 | H14: =Raw!H14/Raw!H$261 -> 0.21421415 | I14: =Raw!I14/Raw!I$261 -> 0.31070206 | J14: =Raw!J14/Raw!J$261 -> 2.2234376 | K14: =Raw!K14/Raw!K$261/2 -> 1.1237372 | L14: =Raw!L14/Raw!L$261 -> 0.76502732 | M14: =Raw!M14/Raw!M$261/3 -> 0.59878083 | N14: =Raw!N14/Raw!N$261 -> 0.07034858 | O14: =Raw!O14/Raw!O$261 -> 1.1665979 | P14: =Raw!P14/Raw!P$261 -> 0.34224347 | Q14: =Raw!Q14/Raw!Q$261 -> 0.36316714 | R14: =Raw!R14/Raw!R$261 -> 2.669801 | S14: =Raw!S14/Raw!S$261/3 -> 0.098061653 | T14: =Raw!T14/Raw!T$261 -> 0.65872873 | U14: =Raw!U14/Raw!U$261/2 -> 0.10513494 | V14: =Raw!V14/Raw!V$261/3 -> 0.50564072 | W14: =Raw!W14/Raw!W$261 -> 0.83696923 | X14: =Raw!X14/Raw!X$261 -> 0.28154494 | Y14: =Raw!Y14/Raw!Y$261 -> 0.48678391 | Z14: =Raw!Z14/Raw!Z$261 -> 0.3446062 | AA14: =Raw!AA14/Raw!AA$261 -> 0.36647537 | AB14: =Raw!AB14/Raw!AB$261 -> 0.45781659 | AC14: =Raw!AC14/Raw!AC$261 -> 0.46532555 | AD14: =Raw!AD14/Raw!AD$261 -> 0.4654604 | AE14: =Raw!AE14/Raw!AE$261 -> 3.4952561
A15: 961 | B15: =Raw!B15/Raw!B$261 -> 0.4749525 | C15: =Raw!C15/Raw!C$261 -> 0.24282618 | D15: =Raw!D15/Raw!D$261 -> 1.0503372 | E15: =Raw!E15/Raw!E$261 -> 0.56801181 | F15: =Raw!F15/Raw!F$261 -> 0.57286901 | G15: =Raw!G15/Raw!G$261 -> 1.8109758 | H15: =Raw!H15/Raw!H$261 -> 0.16553824 | I15: =Raw!I15/Raw!I$261 -> 0.29355914 | J15: =Raw!J15/Raw!J$261 -> 2.1638314 | K15: =Raw!K15/Raw!K$261/2 -> 1.0918427 | L15: =Raw!L15/Raw!L$261 -> 0.74451357 | M15: =Raw!M15/Raw!M$261/3 -> 0.58643612 | N15: =Raw!N15/Raw!N$261 -> 0.08878996 | O15: =Raw!O15/Raw!O$261 -> 1.1563249 | P15: =Raw!P15/Raw!P$261 -> 0.32530807 | Q15: =Raw!Q15/Raw!Q$261 -> 0.35499208 | R15: =Raw!R15/Raw!R$261 -> 2.5327839 | S15: =Raw!S15/Raw!S$261/3 -> 0.10687472 | T15: =Raw!T15/Raw!T$261 -> 0.66185608 | U15: =Raw!U15/Raw!U$261/2 -> 0.084005375 | V15: =Raw!V15/Raw!V$261/3 -> 0.50714566 | W15: =Raw!W15/Raw!W$261 -> 0.76238984 | X15: =Raw!X15/Raw!X$261 -> 0.23221911 | Y15: =Raw!Y15/Raw!Y$261 -> 0.45717571 | Z15: =Raw!Z15/Raw!Z$261 -> 0.34719466 | AA15: =Raw!AA15/Raw!AA$261 -> 0.35639363 | AB15: =Raw!AB15/Raw!AB$261 -> 0.42448341 | AC15: =Raw!AC15/Raw!AC$261 -> 0.43923879 | AD15: =Raw!AD15/Raw!AD$261 -> 0.46933794 | AE15: =Raw!AE15/Raw!AE$261 -> 3.4500497 | AG15: In yellow: additional division due to excess intensity -for plotting purposes
A16: 963 | B16: =Raw!B16/Raw!B$261 -> 0.45950975 | C16: =Raw!C16/Raw!C$261 -> 0.23077215 | D16: =Raw!D16/Raw!D$261 -> 0.95874861 | E16: =Raw!E16/Raw!E$261 -> 0.5356917 | F16: =Raw!F16/Raw!F$261 -> 0.57193593 | G16: =Raw!G16/Raw!G$261 -> 1.7921626 | H16: =Raw!H16/Raw!H$261 -> 0.13270302 | I16: =Raw!I16/Raw!I$261 -> 0.2564019 | J16: =Raw!J16/Raw!J$261 -> 2.1317824 | K16: =Raw!K16/Raw!K$261/2 -> 1.0694913 | L16: =Raw!L16/Raw!L$261 -> 0.72470064 | M16: =Raw!M16/Raw!M$261/3 -> 0.58342666 | N16: =Raw!N16/Raw!N$261 -> 0.10160407 | O16: =Raw!O16/Raw!O$261 -> 1.1778597 | P16: =Raw!P16/Raw!P$261 -> 0.28980056 | Q16: =Raw!Q16/Raw!Q$261 -> 0.35493222 | R16: =Raw!R16/Raw!R$261 -> 2.4076122 | S16: =Raw!S16/Raw!S$261/3 -> 0.1304966 | T16: =Raw!T16/Raw!T$261 -> 0.71932549 | U16: =Raw!U16/Raw!U$261/2 -> 0.063247615 | V16: =Raw!V16/Raw!V$261/3 -> 0.51813265 | W16: =Raw!W16/Raw!W$261 -> 0.71092788 | X16: =Raw!X16/Raw!X$261 -> 0.1848943 | Y16: =Raw!Y16/Raw!Y$261 -> 0.43064482 | Z16: =Raw!Z16/Raw!Z$261 -> 0.3020972 | AA16: =Raw!AA16/Raw!AA$261 -> 0.34563705 | AB16: =Raw!AB16/Raw!AB$261 -> 0.39399954 | AC16: =Raw!AC16/Raw!AC$261 -> 0.40645355 | AD16: =Raw!AD16/Raw!AD$261 -> 0.44592002 | AE16: =Raw!AE16/Raw!AE$261 -> 3.3505865 | AG16: S21 z | AH16: div 5
A17: 965 | B17: =Raw!B17/Raw!B$261 -> 0.4428742 | C17: =Raw!C17/Raw!C$261 -> 0.22474956 | D17: =Raw!D17/Raw!D$261 -> 0.90249475 | E17: =Raw!E17/Raw!E$261 -> 0.51570293 | F17: =Raw!F17/Raw!F$261 -> 0.58765469 | G17: =Raw!G17/Raw!G$261 -> 1.8063921 | H17: =Raw!H17/Raw!H$261 -> 0.10300906 | I17: =Raw!I17/Raw!I$261 -> 0.21226684 | J17: =Raw!J17/Raw!J$261 -> 2.1276311 | K17: =Raw!K17/Raw!K$261/2 -> 1.0740113 | L17: =Raw!L17/Raw!L$261 -> 0.73580267 | M17: =Raw!M17/Raw!M$261/3 -> 0.57338724 | N17: =Raw!N17/Raw!N$261 -> 0.11812188 | O17: =Raw!O17/Raw!O$261 -> 1.2057169 | P17: =Raw!P17/Raw!P$261 -> 0.27418691 | Q17: =Raw!Q17/Raw!Q$261 -> 0.31470042 | R17: =Raw!R17/Raw!R$261 -> 2.2684356 | S17: =Raw!S17/Raw!S$261/3 -> 0.15523133 | T17: =Raw!T17/Raw!T$261 -> 0.76789015 | U17: =Raw!U17/Raw!U$261/2 -> 0.053522093 | V17: =Raw!V17/Raw!V$261/3 -> 0.53220248 | W17: =Raw!W17/Raw!W$261 -> 0.69802819 | X17: =Raw!X17/Raw!X$261 -> 0.14605781 | Y17: =Raw!Y17/Raw!Y$261 -> 0.41804726 | Z17: =Raw!Z17/Raw!Z$261 -> 0.28674773 | AA17: =Raw!AA17/Raw!AA$261 -> 0.31839669 | AB17: =Raw!AB17/Raw!AB$261 -> 0.35902146 | AC17: =Raw!AC17/Raw!AC$261 -> 0.39730436 | AD17: =Raw!AD17/Raw!AD$261 -> 0.47195623 | AE17: =Raw!AE17/Raw!AE$261 -> 3.2875947 | AG17: S18 z | AH17: div 5
A18: 967 | B18: =Raw!B18/Raw!B$261 -> 0.4430168 | C18: =Raw!C18/Raw!C$261 -> 0.21740818 | D18: =Raw!D18/Raw!D$261 -> 0.8324659 | E18: =Raw!E18/Raw!E$261 -> 0.4898829 | F18: =Raw!F18/Raw!F$261 -> 0.62283784 | G18: =Raw!G18/Raw!G$261 -> 1.827708 | H18: =Raw!H18/Raw!H$261 -> 0.085997259 | I18: =Raw!I18/Raw!I$261 -> 0.22480764 | J18: =Raw!J18/Raw!J$261 -> 2.1183298 | K18: =Raw!K18/Raw!K$261/2 -> 1.0393834 | L18: =Raw!L18/Raw!L$261 -> 0.73616425 | M18: =Raw!M18/Raw!M$261/3 -> 0.55479053 | N18: =Raw!N18/Raw!N$261 -> 0.11501912 | O18: =Raw!O18/Raw!O$261 -> 1.2126126 | P18: =Raw!P18/Raw!P$261 -> 0.23847785 | Q18: =Raw!Q18/Raw!Q$261 -> 0.28613193 | R18: =Raw!R18/Raw!R$261 -> 2.0546047 | S18: =Raw!S18/Raw!S$261/3 -> 0.18779451 | T18: =Raw!T18/Raw!T$261 -> 0.84626705 | U18: =Raw!U18/Raw!U$261/2 -> 0.051418338 | V18: =Raw!V18/Raw!V$261/3 -> 0.54435101 | W18: =Raw!W18/Raw!W$261 -> 0.70670629 | X18: =Raw!X18/Raw!X$261 -> 0.16041895 | Y18: =Raw!Y18/Raw!Y$261 -> 0.39989738 | Z18: =Raw!Z18/Raw!Z$261 -> 0.28496597 | AA18: =Raw!AA18/Raw!AA$261 -> 0.29403178 | AB18: =Raw!AB18/Raw!AB$261 -> 0.32625462 | AC18: =Raw!AC18/Raw!AC$261 -> 0.3675302 | AD18: =Raw!AD18/Raw!AD$261 -> 0.46518716 | AE18: =Raw!AE18/Raw!AE$261 -> 3.1907226 | AG18: S20 z | AH18: div 2
A19: 969 | B19: =Raw!B19/Raw!B$261 -> 0.46306268 | C19: =Raw!C19/Raw!C$261 -> 0.22507499 | D19: =Raw!D19/Raw!D$261 -> 0.79654857 | E19: =Raw!E19/Raw!E$261 -> 0.48436745 | F19: =Raw!F19/Raw!F$261 -> 0.64788269 | G19: =Raw!G19/Raw!G$261 -> 1.832162 | H19: =Raw!H19/Raw!H$261 -> 0.078296806 | I19: =Raw!I19/Raw!I$261 -> 0.22018691 | J19: =Raw!J19/Raw!J$261 -> 2.0747788 | K19: =Raw!K19/Raw!K$261/2 -> 0.96396194 | L19: =Raw!L19/Raw!L$261 -> 0.75000773 | M19: =Raw!M19/Raw!M$261/3 -> 0.54956194 | N19: =Raw!N19/Raw!N$261 -> 0.12235022 | O19: =Raw!O19/Raw!O$261 -> 1.2350013 | P19: =Raw!P19/Raw!P$261 -> 0.2230757 | Q19: =Raw!Q19/Raw!Q$261 -> 0.28148672 | R19: =Raw!R19/Raw!R$261 -> 1.8849762 | S19: =Raw!S19/Raw!S$261/3 -> 0.21606385 | T19: =Raw!T19/Raw!T$261 -> 0.94568685 | U19: =Raw!U19/Raw!U$261/2 -> 0.054322532 | V19: =Raw!V19/Raw!V$261/3 -> 0.56708066 | W19: =Raw!W19/Raw!W$261 -> 0.71715178 | X19: =Raw!X19/Raw!X$261 -> 0.18280376 | Y19: =Raw!Y19/Raw!Y$261 -> 0.36677023 | Z19: =Raw!Z19/Raw!Z$261 -> 0.30585065 | AA19: =Raw!AA19/Raw!AA$261 -> 0.30014555 | AB19: =Raw!AB19/Raw!AB$261 -> 0.2990818 | AC19: =Raw!AC19/Raw!AC$261 -> 0.34928274 | AD19: =Raw!AD19/Raw!AD$261 -> 0.45943811 | AE19: =Raw!AE19/Raw!AE$261 -> 3.0699559 | AG19: S12_z | AH19: div 3
A20: 971 | B20: =Raw!B20/Raw!B$261 -> 0.47128919 | C20: =Raw!C20/Raw!C$261 -> 0.23265089 | D20: =Raw!D20/Raw!D$261 -> 0.78452386 | E20: =Raw!E20/Raw!E$261 -> 0.47490599 | F20: =Raw!F20/Raw!F$261 -> 0.66274263 | G20: =Raw!G20/Raw!G$261 -> 1.829266 | H20: =Raw!H20/Raw!H$261 -> 0.075213631 | I20: =Raw!I20/Raw!I$261 -> 0.22095109 | J20: =Raw!J20/Raw!J$261 -> 2.0721142 | K20: =Raw!K20/Raw!K$261/2 -> 0.94339881 | L20: =Raw!L20/Raw!L$261 -> 0.74982457 | M20: =Raw!M20/Raw!M$261/3 -> 0.53459392 | N20: =Raw!N20/Raw!N$261 -> 0.13912836 | O20: =Raw!O20/Raw!O$261 -> 1.2512644 | P20: =Raw!P20/Raw!P$261 -> 0.2248318 | Q20: =Raw!Q20/Raw!Q$261 -> 0.28516704 | R20: =Raw!R20/Raw!R$261 -> 1.7856271 | S20: =Raw!S20/Raw!S$261/3 -> 0.24140659 | T20: =Raw!T20/Raw!T$261 -> 1.0467381 | U20: =Raw!U20/Raw!U$261/2 -> 0.045417518 | V20: =Raw!V20/Raw!V$261/3 -> 0.57617801 | W20: =Raw!W20/Raw!W$261 -> 0.72094661 | X20: =Raw!X20/Raw!X$261 -> 0.17300992 | Y20: =Raw!Y20/Raw!Y$261 -> 0.34229244 | Z20: =Raw!Z20/Raw!Z$261 -> 0.32434991 | AA20: =Raw!AA20/Raw!AA$261 -> 0.31484905 | AB20: =Raw!AB20/Raw!AB$261 -> 0.29615207 | AC20: =Raw!AC20/Raw!AC$261 -> 0.33871309 | AD20: =Raw!AD20/Raw!AD$261 -> 0.47609691 | AE20: =Raw!AE20/Raw!AE$261 -> 2.9541315 | AG20: S10_z | AH20: div 2
A21: 973 | B21: =Raw!B21/Raw!B$261 -> 0.48025607 | C21: =Raw!C21/Raw!C$261 -> 0.2292434 | D21: =Raw!D21/Raw!D$261 -> 0.76103137 | E21: =Raw!E21/Raw!E$261 -> 0.48462429 | F21: =Raw!F21/Raw!F$261 -> 0.68537608 | G21: =Raw!G21/Raw!G$261 -> 1.8025907 | H21: =Raw!H21/Raw!H$261 -> 0.06645022 | I21: =Raw!I21/Raw!I$261 -> 0.20830978 | J21: =Raw!J21/Raw!J$261 -> 2.085511 | K21: =Raw!K21/Raw!K$261/2 -> 0.91142998 | L21: =Raw!L21/Raw!L$261 -> 0.7667038 | M21: =Raw!M21/Raw!M$261/3 -> 0.51941056 | N21: =Raw!N21/Raw!N$261 -> 0.13771436 | O21: =Raw!O21/Raw!O$261 -> 1.2562136 | P21: =Raw!P21/Raw!P$261 -> 0.21853453 | Q21: =Raw!Q21/Raw!Q$261 -> 0.28345726 | R21: =Raw!R21/Raw!R$261 -> 1.5646589 | S21: =Raw!S21/Raw!S$261/3 -> 0.26297799 | T21: =Raw!T21/Raw!T$261 -> 1.1316613 | U21: =Raw!U21/Raw!U$261/2 -> 0.042081479 | V21: =Raw!V21/Raw!V$261/3 -> 0.58460259 | W21: =Raw!W21/Raw!W$261 -> 0.71506499 | X21: =Raw!X21/Raw!X$261 -> 0.14969698 | Y21: =Raw!Y21/Raw!Y$261 -> 0.32819956 | Z21: =Raw!Z21/Raw!Z$261 -> 0.32525152 | AA21: =Raw!AA21/Raw!AA$261 -> 0.29765807 | AB21: =Raw!AB21/Raw!AB$261 -> 0.28176989 | AC21: =Raw!AC21/Raw!AC$261 -> 0.33330824 | AD21: =Raw!AD21/Raw!AD$261 -> 0.47676183 | AE21: =Raw!AE21/Raw!AE$261 -> 2.8257762
A22: 975 | B22: =Raw!B22/Raw!B$261 -> 0.48448703 | C22: =Raw!C22/Raw!C$261 -> 0.22208898 | D22: =Raw!D22/Raw!D$261 -> 0.73285822 | E22: =Raw!E22/Raw!E$261 -> 0.48593089 | F22: =Raw!F22/Raw!F$261 -> 0.74604695 | G22: =Raw!G22/Raw!G$261 -> 1.7975265 | H22: =Raw!H22/Raw!H$261 -> 0.046949717 | I22: =Raw!I22/Raw!I$261 -> 0.21616543 | J22: =Raw!J22/Raw!J$261 -> 2.0683592 | K22: =Raw!K22/Raw!K$261/2 -> 0.88982209 | L22: =Raw!L22/Raw!L$261 -> 0.78265813 | M22: =Raw!M22/Raw!M$261/3 -> 0.50113559 | N22: =Raw!N22/Raw!N$261 -> 0.12631895 | O22: =Raw!O22/Raw!O$261 -> 1.2741445 | P22: =Raw!P22/Raw!P$261 -> 0.22194418 | Q22: =Raw!Q22/Raw!Q$261 -> 0.28454625 | R22: =Raw!R22/Raw!R$261 -> 1.3559696 | S22: =Raw!S22/Raw!S$261/3 -> 0.29445536 | T22: =Raw!T22/Raw!T$261 -> 1.2212977 | U22: =Raw!U22/Raw!U$261/2 -> 0.039924816 | V22: =Raw!V22/Raw!V$261/3 -> 0.59232147 | W22: =Raw!W22/Raw!W$261 -> 0.70780797 | X22: =Raw!X22/Raw!X$261 -> 0.15131045 | Y22: =Raw!Y22/Raw!Y$261 -> 0.32300664 | Z22: =Raw!Z22/Raw!Z$261 -> 0.32610271 | AA22: =Raw!AA22/Raw!AA$261 -> 0.29674893 | AB22: =Raw!AB22/Raw!AB$261 -> 0.2696514 | AC22: =Raw!AC22/Raw!AC$261 -> 0.29564453 | AD22: =Raw!AD22/Raw!AD$261 -> 0.48344956 | AE22: =Raw!AE22/Raw!AE$261 -> 2.6788577
A23: 977 | B23: =Raw!B23/Raw!B$261 -> 0.4845722 | C23: =Raw!C23/Raw!C$261 -> 0.21858613 | D23: =Raw!D23/Raw!D$261 -> 0.75902001 | E23: =Raw!E23/Raw!E$261 -> 0.47823577 | F23: =Raw!F23/Raw!F$261 -> 0.79802351 | G23: =Raw!G23/Raw!G$261 -> 1.7859596 | H23: =Raw!H23/Raw!H$261 -> 0.043102182 | I23: =Raw!I23/Raw!I$261 -> 0.1980104 | J23: =Raw!J23/Raw!J$261 -> 2.0405429 | K23: =Raw!K23/Raw!K$261/2 -> 0.88877491 | L23: =Raw!L23/Raw!L$261 -> 0.78234416 | M23: =Raw!M23/Raw!M$261/3 -> 0.48479408 | N23: =Raw!N23/Raw!N$261 -> 0.12676436 | O23: =Raw!O23/Raw!O$261 -> 1.2887088 | P23: =Raw!P23/Raw!P$261 -> 0.22617088 | Q23: =Raw!Q23/Raw!Q$261 -> 0.27456161 | R23: =Raw!R23/Raw!R$261 -> 1.2428965 | S23: =Raw!S23/Raw!S$261/3 -> 0.32398725 | T23: =Raw!T23/Raw!T$261 -> 1.3032485 | U23: =Raw!U23/Raw!U$261/2 -> 0.033649132 | V23: =Raw!V23/Raw!V$261/3 -> 0.61605543 | W23: =Raw!W23/Raw!W$261 -> 0.69632808 | X23: =Raw!X23/Raw!X$261 -> 0.14507515 | Y23: =Raw!Y23/Raw!Y$261 -> 0.31563852 | Z23: =Raw!Z23/Raw!Z$261 -> 0.33769053 | AA23: =Raw!AA23/Raw!AA$261 -> 0.31190766 | AB23: =Raw!AB23/Raw!AB$261 -> 0.25841712 | AC23: =Raw!AC23/Raw!AC$261 -> 0.26515254 | AD23: =Raw!AD23/Raw!AD$261 -> 0.51584205 | AE23: =Raw!AE23/Raw!AE$261 -> 2.5593521
A24: 979 | B24: =Raw!B24/Raw!B$261 -> 0.47453068 | C24: =Raw!C24/Raw!C$261 -> 0.21996983 | D24: =Raw!D24/Raw!D$261 -> 0.76666257 | E24: =Raw!E24/Raw!E$261 -> 0.48867169 | F24: =Raw!F24/Raw!F$261 -> 0.84384186 | G24: =Raw!G24/Raw!G$261 -> 1.7704351 | H24: =Raw!H24/Raw!H$261 -> 0.041162734 | I24: =Raw!I24/Raw!I$261 -> 0.1767555 | J24: =Raw!J24/Raw!J$261 -> 2.0992687 | K24: =Raw!K24/Raw!K$261/2 -> 0.87468512 | L24: =Raw!L24/Raw!L$261 -> 0.7900723 | M24: =Raw!M24/Raw!M$261/3 -> 0.46754717 | N24: =Raw!N24/Raw!N$261 -> 0.14126455 | O24: =Raw!O24/Raw!O$261 -> 1.3068845 | P24: =Raw!P24/Raw!P$261 -> 0.22830128 | Q24: =Raw!Q24/Raw!Q$261 -> 0.28988574 | R24: =Raw!R24/Raw!R$261 -> 1.0662873 | S24: =Raw!S24/Raw!S$261/3 -> 0.34418776 | T24: =Raw!T24/Raw!T$261 -> 1.3794763 | U24: =Raw!U24/Raw!U$261/2 -> 0.034814214 | V24: =Raw!V24/Raw!V$261/3 -> 0.6191964 | W24: =Raw!W24/Raw!W$261 -> 0.68124485 | X24: =Raw!X24/Raw!X$261 -> 0.14401286 | Y24: =Raw!Y24/Raw!Y$261 -> 0.31013624 | Z24: =Raw!Z24/Raw!Z$261 -> 0.36088705 | AA24: =Raw!AA24/Raw!AA$261 -> 0.32170387 | AB24: =Raw!AB24/Raw!AB$261 -> 0.24695883 | AC24: =Raw!AC24/Raw!AC$261 -> 0.26797105 | AD24: =Raw!AD24/Raw!AD$261 -> 0.53199017 | AE24: =Raw!AE24/Raw!AE$261 -> 2.4032084
A25: 981 | B25: =Raw!B25/Raw!B$261 -> 0.4765577 | C25: =Raw!C25/Raw!C$261 -> 0.2166359 | D25: =Raw!D25/Raw!D$261 -> 0.75553323 | E25: =Raw!E25/Raw!E$261 -> 0.49665264 | F25: =Raw!F25/Raw!F$261 -> 0.87951579 | G25: =Raw!G25/Raw!G$261 -> 1.7431649 | H25: =Raw!H25/Raw!H$261 -> 0.03115233 | I25: =Raw!I25/Raw!I$261 -> 0.1783041 | J25: =Raw!J25/Raw!J$261 -> 2.0634454 | K25: =Raw!K25/Raw!K$261/2 -> 0.84212936 | L25: =Raw!L25/Raw!L$261 -> 0.77066387 | M25: =Raw!M25/Raw!M$261/3 -> 0.43679659 | N25: =Raw!N25/Raw!N$261 -> 0.15270836 | O25: =Raw!O25/Raw!O$261 -> 1.3409552 | P25: =Raw!P25/Raw!P$261 -> 0.22887645 | Q25: =Raw!Q25/Raw!Q$261 -> 0.31016648 | R25: =Raw!R25/Raw!R$261 -> 0.92641887 | S25: =Raw!S25/Raw!S$261/3 -> 0.36386038 | T25: =Raw!T25/Raw!T$261 -> 1.4687362 | U25: =Raw!U25/Raw!U$261/2 -> 0.040819668 | V25: =Raw!V25/Raw!V$261/3 -> 0.6221846 | W25: =Raw!W25/Raw!W$261 -> 0.67093066 | X25: =Raw!X25/Raw!X$261 -> 0.14252592 | Y25: =Raw!Y25/Raw!Y$261 -> 0.31310432 | Z25: =Raw!Z25/Raw!Z$261 -> 0.35627248 | AA25: =Raw!AA25/Raw!AA$261 -> 0.32028043 | AB25: =Raw!AB25/Raw!AB$261 -> 0.2494 | AC25: =Raw!AC25/Raw!AC$261 -> 0.24750083 | AD25: =Raw!AD25/Raw!AD$261 -> 0.54009913 | AE25: =Raw!AE25/Raw!AE$261 -> 2.2465428
A26: 983 | B26: =Raw!B26/Raw!B$261 -> 0.48059783 | C26: =Raw!C26/Raw!C$261 -> 0.21877064 | D26: =Raw!D26/Raw!D$261 -> 0.7646549 | E26: =Raw!E26/Raw!E$261 -> 0.48945084 | F26: =Raw!F26/Raw!F$261 -> 0.88575997 | G26: =Raw!G26/Raw!G$261 -> 1.7111195 | H26: =Raw!H26/Raw!H$261 -> 0.037632951 | I26: =Raw!I26/Raw!I$261 -> 0.20715808 | J26: =Raw!J26/Raw!J$261 -> 1.9737633 | K26: =Raw!K26/Raw!K$261/2 -> 0.79327931 | L26: =Raw!L26/Raw!L$261 -> 0.77970984 | M26: =Raw!M26/Raw!M$261/3 -> 0.40635701 | N26: =Raw!N26/Raw!N$261 -> 0.16658494 | O26: =Raw!O26/Raw!O$261 -> 1.3699265 | P26: =Raw!P26/Raw!P$261 -> 0.2324186 | Q26: =Raw!Q26/Raw!Q$261 -> 0.31932294 | R26: =Raw!R26/Raw!R$261 -> 0.83488227 | S26: =Raw!S26/Raw!S$261/3 -> 0.38283944 | T26: =Raw!T26/Raw!T$261 -> 1.5325269 | U26: =Raw!U26/Raw!U$261/2 -> 0.040855292 | V26: =Raw!V26/Raw!V$261/3 -> 0.62872078 | W26: =Raw!W26/Raw!W$261 -> 0.66690807 | X26: =Raw!X26/Raw!X$261 -> 0.12954496 | Y26: =Raw!Y26/Raw!Y$261 -> 0.31800135 | Z26: =Raw!Z26/Raw!Z$261 -> 0.37289145 | AA26: =Raw!AA26/Raw!AA$261 -> 0.33093935 | AB26: =Raw!AB26/Raw!AB$261 -> 0.25645313 | AC26: =Raw!AC26/Raw!AC$261 -> 0.23002608 | AD26: =Raw!AD26/Raw!AD$261 -> 0.54538146 | AE26: =Raw!AE26/Raw!AE$261 -> 2.0815508
A27: 985 | B27: =Raw!B27/Raw!B$261 -> 0.48386762 | C27: =Raw!C27/Raw!C$261 -> 0.22568129 | D27: =Raw!D27/Raw!D$261 -> 0.76875413 | E27: =Raw!E27/Raw!E$261 -> 0.50216924 | F27: =Raw!F27/Raw!F$261 -> 0.88459671 | G27: =Raw!G27/Raw!G$261 -> 1.6648134 | H27: =Raw!H27/Raw!H$261 -> 0.048453107 | I27: =Raw!I27/Raw!I$261 -> 0.22927749 | J27: =Raw!J27/Raw!J$261 -> 1.8571055 | K27: =Raw!K27/Raw!K$261/2 -> 0.74843666 | L27: =Raw!L27/Raw!L$261 -> 0.79754482 | M27: =Raw!M27/Raw!M$261/3 -> 0.38380664 | N27: =Raw!N27/Raw!N$261 -> 0.18016178 | O27: =Raw!O27/Raw!O$261 -> 1.3756281 | P27: =Raw!P27/Raw!P$261 -> 0.23218593 | Q27: =Raw!Q27/Raw!Q$261 -> 0.32098026 | R27: =Raw!R27/Raw!R$261 -> 0.79052563 | S27: =Raw!S27/Raw!S$261/3 -> 0.40591616 | T27: =Raw!T27/Raw!T$261 -> 1.5919099 | U27: =Raw!U27/Raw!U$261/2 -> 0.041366651 | V27: =Raw!V27/Raw!V$261/3 -> 0.63380845 | W27: =Raw!W27/Raw!W$261 -> 0.67029129 | X27: =Raw!X27/Raw!X$261 -> 0.1251756 | Y27: =Raw!Y27/Raw!Y$261 -> 0.31292844 | Z27: =Raw!Z27/Raw!Z$261 -> 0.40122717 | AA27: =Raw!AA27/Raw!AA$261 -> 0.35275293 | AB27: =Raw!AB27/Raw!AB$261 -> 0.26000319 | AC27: =Raw!AC27/Raw!AC$261 -> 0.24474081 | AD27: =Raw!AD27/Raw!AD$261 -> 0.54557513 | AE27: =Raw!AE27/Raw!AE$261 -> 1.9412245
A28: 987 | B28: =Raw!B28/Raw!B$261 -> 0.50515581 | C28: =Raw!C28/Raw!C$261 -> 0.22805847 | D28: =Raw!D28/Raw!D$261 -> 0.77358301 | E28: =Raw!E28/Raw!E$261 -> 0.52832261 | F28: =Raw!F28/Raw!F$261 -> 0.91205944 | G28: =Raw!G28/Raw!G$261 -> 1.6093555 | H28: =Raw!H28/Raw!H$261 -> 0.061148024 | I28: =Raw!I28/Raw!I$261 -> 0.24480442 | J28: =Raw!J28/Raw!J$261 -> 1.8108499 | K28: =Raw!K28/Raw!K$261/2 -> 0.72488214 | L28: =Raw!L28/Raw!L$261 -> 0.83388351 | M28: =Raw!M28/Raw!M$261/3 -> 0.35527529 | N28: =Raw!N28/Raw!N$261 -> 0.18503718 | O28: =Raw!O28/Raw!O$261 -> 1.3961022 | P28: =Raw!P28/Raw!P$261 -> 0.24649604 | Q28: =Raw!Q28/Raw!Q$261 -> 0.31639562 | R28: =Raw!R28/Raw!R$261 -> 0.69177251 | S28: =Raw!S28/Raw!S$261/3 -> 0.41894158 | T28: =Raw!T28/Raw!T$261 -> 1.67554 | U28: =Raw!U28/Raw!U$261/2 -> 0.044485111 | V28: =Raw!V28/Raw!V$261/3 -> 0.63383055 | W28: =Raw!W28/Raw!W$261 -> 0.67531011 | X28: =Raw!X28/Raw!X$261 -> 0.13774778 | Y28: =Raw!Y28/Raw!Y$261 -> 0.31173772 | Z28: =Raw!Z28/Raw!Z$261 -> 0.42462064 | AA28: =Raw!AA28/Raw!AA$261 -> 0.35331691 | AB28: =Raw!AB28/Raw!AB$261 -> 0.25413437 | AC28: =Raw!AC28/Raw!AC$261 -> 0.22428535 | AD28: =Raw!AD28/Raw!AD$261 -> 0.54731851 | AE28: =Raw!AE28/Raw!AE$261 -> 1.8508844
A29: 989 | B29: =Raw!B29/Raw!B$261 -> 0.5337983 | C29: =Raw!C29/Raw!C$261 -> 0.23093131 | D29: =Raw!D29/Raw!D$261 -> 0.76906678 | E29: =Raw!E29/Raw!E$261 -> 0.55023459 | F29: =Raw!F29/Raw!F$261 -> 0.90309633 | G29: =Raw!G29/Raw!G$261 -> 1.5727776 | H29: =Raw!H29/Raw!H$261 -> 0.08674383 | I29: =Raw!I29/Raw!I$261 -> 0.25691929 | J29: =Raw!J29/Raw!J$261 -> 1.7943267 | K29: =Raw!K29/Raw!K$261/2 -> 0.71170651 | L29: =Raw!L29/Raw!L$261 -> 0.82645308 | M29: =Raw!M29/Raw!M$261/3 -> 0.32801245 | N29: =Raw!N29/Raw!N$261 -> 0.20103018 | O29: =Raw!O29/Raw!O$261 -> 1.4237992 | P29: =Raw!P29/Raw!P$261 -> 0.25278274 | Q29: =Raw!Q29/Raw!Q$261 -> 0.32890806 | R29: =Raw!R29/Raw!R$261 -> 0.62839362 | S29: =Raw!S29/Raw!S$261/3 -> 0.41482131 | T29: =Raw!T29/Raw!T$261 -> 1.744891 | U29: =Raw!U29/Raw!U$261/2 -> 0.045960643 | V29: =Raw!V29/Raw!V$261/3 -> 0.63466604 | W29: =Raw!W29/Raw!W$261 -> 0.68668271 | X29: =Raw!X29/Raw!X$261 -> 0.15197282 | Y29: =Raw!Y29/Raw!Y$261 -> 0.31243926 | Z29: =Raw!Z29/Raw!Z$261 -> 0.44163317 | AA29: =Raw!AA29/Raw!AA$261 -> 0.36012841 | AB29: =Raw!AB29/Raw!AB$261 -> 0.24826678 | AC29: =Raw!AC29/Raw!AC$261 -> 0.19382458 | AD29: =Raw!AD29/Raw!AD$261 -> 0.54274985 | AE29: =Raw!AE29/Raw!AE$261 -> 1.7738913
A30: 991 | B30: =Raw!B30/Raw!B$261 -> 0.54868605 | C30: =Raw!C30/Raw!C$261 -> 0.23892035 | D30: =Raw!D30/Raw!D$261 -> 0.7584606 | E30: =Raw!E30/Raw!E$261 -> 0.56874892 | F30: =Raw!F30/Raw!F$261 -> 0.87594824 | G30: =Raw!G30/Raw!G$261 -> 1.529162 | H30: =Raw!H30/Raw!H$261 -> 0.10083281 | I30: =Raw!I30/Raw!I$261 -> 0.29313691 | J30: =Raw!J30/Raw!J$261 -> 1.7453826 | K30: =Raw!K30/Raw!K$261/2 -> 0.70245028 | L30: =Raw!L30/Raw!L$261 -> 0.80663839 | M30: =Raw!M30/Raw!M$261/3 -> 0.29215351 | N30: =Raw!N30/Raw!N$261 -> 0.23011098 | O30: =Raw!O30/Raw!O$261 -> 1.4269223 | P30: =Raw!P30/Raw!P$261 -> 0.26056487 | Q30: =Raw!Q30/Raw!Q$261 -> 0.32595298 | R30: =Raw!R30/Raw!R$261 -> 0.63153433 | S30: =Raw!S30/Raw!S$261/3 -> 0.43073642 | T30: =Raw!T30/Raw!T$261 -> 1.7892887 | U30: =Raw!U30/Raw!U$261/2 -> 0.046292177 | V30: =Raw!V30/Raw!V$261/3 -> 0.63512452 | W30: =Raw!W30/Raw!W$261 -> 0.69895614 | X30: =Raw!X30/Raw!X$261 -> 0.16645261 | Y30: =Raw!Y30/Raw!Y$261 -> 0.30945897 | Z30: =Raw!Z30/Raw!Z$261 -> 0.45079663 | AA30: =Raw!AA30/Raw!AA$261 -> 0.38842612 | AB30: =Raw!AB30/Raw!AB$261 -> 0.24525547 | AC30: =Raw!AC30/Raw!AC$261 -> 0.16835191 | AD30: =Raw!AD30/Raw!AD$261 -> 0.53912056 | AE30: =Raw!AE30/Raw!AE$261 -> 1.6862476
A31: 993 | B31: =Raw!B31/Raw!B$261 -> 0.57965207 | C31: =Raw!C31/Raw!C$261 -> 0.24316651 | D31: =Raw!D31/Raw!D$261 -> 0.74984342 | E31: =Raw!E31/Raw!E$261 -> 0.55917613 | F31: =Raw!F31/Raw!F$261 -> 0.8676171 | G31: =Raw!G31/Raw!G$261 -> 1.5354593 | H31: =Raw!H31/Raw!H$261 -> 0.11603973 | I31: =Raw!I31/Raw!I$261 -> 0.28953651 | J31: =Raw!J31/Raw!J$261 -> 1.7966696 | K31: =Raw!K31/Raw!K$261/2 -> 0.67849234 | L31: =Raw!L31/Raw!L$261 -> 0.83631565 | M31: =Raw!M31/Raw!M$261/3 -> 0.26993721 | N31: =Raw!N31/Raw!N$261 -> 0.25041638 | O31: =Raw!O31/Raw!O$261 -> 1.45276 | P31: =Raw!P31/Raw!P$261 -> 0.27185536 | Q31: =Raw!Q31/Raw!Q$261 -> 0.32968109 | R31: =Raw!R31/Raw!R$261 -> 0.57888177 | S31: =Raw!S31/Raw!S$261/3 -> 0.4659567 | T31: =Raw!T31/Raw!T$261 -> 1.8276301 | U31: =Raw!U31/Raw!U$261/2 -> 0.049187349 | V31: =Raw!V31/Raw!V$261/3 -> 0.64517921 | W31: =Raw!W31/Raw!W$261 -> 0.71216511 | X31: =Raw!X31/Raw!X$261 -> 0.16782738 | Y31: =Raw!Y31/Raw!Y$261 -> 0.30973211 | Z31: =Raw!Z31/Raw!Z$261 -> 0.47008967 | AA31: =Raw!AA31/Raw!AA$261 -> 0.40047023 | AB31: =Raw!AB31/Raw!AB$261 -> 0.249865 | AC31: =Raw!AC31/Raw!AC$261 -> 0.14883592 | AD31: =Raw!AD31/Raw!AD$261 -> 0.53726811 | AE31: =Raw!AE31/Raw!AE$261 -> 1.547285
A32: 995 | B32: =Raw!B32/Raw!B$261 -> 0.60601217 | C32: =Raw!C32/Raw!C$261 -> 0.25272757 | D32: =Raw!D32/Raw!D$261 -> 0.75594107 | E32: =Raw!E32/Raw!E$261 -> 0.57291878 | F32: =Raw!F32/Raw!F$261 -> 0.8529429 | G32: =Raw!G32/Raw!G$261 -> 1.5861881 | H32: =Raw!H32/Raw!H$261 -> 0.1552014 | I32: =Raw!I32/Raw!I$261 -> 0.31109892 | J32: =Raw!J32/Raw!J$261 -> 1.820449 | K32: =Raw!K32/Raw!K$261/2 -> 0.66351065 | L32: =Raw!L32/Raw!L$261 -> 0.84280992 | M32: =Raw!M32/Raw!M$261/3 -> 0.25209615 | N32: =Raw!N32/Raw!N$261 -> 0.25384767 | O32: =Raw!O32/Raw!O$261 -> 1.4890533 | P32: =Raw!P32/Raw!P$261 -> 0.27496471 | Q32: =Raw!Q32/Raw!Q$261 -> 0.33473733 | R32: =Raw!R32/Raw!R$261 -> 0.57223597 | S32: =Raw!S32/Raw!S$261/3 -> 0.4764974 | T32: =Raw!T32/Raw!T$261 -> 1.8983161 | U32: =Raw!U32/Raw!U$261/2 -> 0.050333752 | V32: =Raw!V32/Raw!V$261/3 -> 0.66449226 | W32: =Raw!W32/Raw!W$261 -> 0.73101987 | X32: =Raw!X32/Raw!X$261 -> 0.16807778 | Y32: =Raw!Y32/Raw!Y$261 -> 0.315566 | Z32: =Raw!Z32/Raw!Z$261 -> 0.49633219 | AA32: =Raw!AA32/Raw!AA$261 -> 0.40306936 | AB32: =Raw!AB32/Raw!AB$261 -> 0.25710109 | AC32: =Raw!AC32/Raw!AC$261 -> 0.13277376 | AD32: =Raw!AD32/Raw!AD$261 -> 0.53101519 | AE32: =Raw!AE32/Raw!AE$261 -> 1.4513637
... A589: 2995 | B589: =Raw!B589/Raw!B$261 -> 0.2731852 | C589: =Raw!C589/Raw!C$261 -> -0.01185837 | D589: =Raw!D589/Raw!D$261 -> 0.58018349 | E589: =Raw!E589/Raw!E$261 -> 0.26626745 | F589: =Raw!F589/Raw!F$261 -> -0.35308578 | G589: =Raw!G589/Raw!G$261 -> 0.1426406 | H589: =Raw!H589/Raw!H$261 -> 0.040409283 | I589: =Raw!I589/Raw!I$261 -> -0.032530766 | J589: =Raw!J589/Raw!J$261 -> 0.00991961 | K589: =Raw!K589/Raw!K$261/2 -> -0.52772171 | L589: =Raw!L589/Raw!L$261 -> 0.022409478 | M589: =Raw!M589/Raw!M$261/3 -> 0.02214034 | N589: =Raw!N589/Raw!N$261 -> 0.29852105 | O589: =Raw!O589/Raw!O$261 -> -0.41022339 | P589: =Raw!P589/Raw!P$261 -> -0.80330332 | Q589: =Raw!Q589/Raw!Q$261 -> 0.53067891 | R589: =Raw!R589/Raw!R$261 -> 0.062877102 | S589: =Raw!S589/Raw!S$261/3 -> -0.37189291 | T589: =Raw!T589/Raw!T$261 -> -0.13157569 | U589: =Raw!U589/Raw!U$261/2 -> -0.01170766 | V589: =Raw!V589/Raw!V$261/3 -> 0.044395994 | W589: =Raw!W589/Raw!W$261 -> -0.20492875 | X589: =Raw!X589/Raw!X$261 -> -0.087854069 | Y589: =Raw!Y589/Raw!Y$261 -> -0.4269479 | Z589: =Raw!Z589/Raw!Z$261 -> -0.83125306 | AA589: =Raw!AA589/Raw!AA$261 -> 0.60562462 | AB589: =Raw!AB589/Raw!AB$261 -> -0.18887336 | AC589: =Raw!AC589/Raw!AC$261 -> -0.10575082 | AD589: =Raw!AD589/Raw!AD$261 -> 0.44883542 | AE589: =Raw!AE589/Raw!AE$261 -> -0.40754913

Sheet plot
A1: X value [cmâ»Â¹] | B1: S1_z/O-PTIR (mV) [] | C1: S2_z/O-PTIR (mV) [] | D1: S3_z/O-PTIR (mV) [] | E1: S4_z/O-PTIR (mV) [] | F1: S5_z_o/O-PTIR (mV) [] | G1: S6_z_o/O-PTIR (mV) [] | H1: S7_z/O-PTIR (mV) [] | I1: S8_z/O-PTIR (mV) [] | J1: S9_z/O-PTIR (mV) [] | K1: S10_z_o_faint/O-PTIR (mV) [] | L1: S11_z/O-PTIR (mV) [] | M1: S12_z/O-PTIR (mV) [] | N1: S13_z_o/O-PTIR (mV) [] | O1: S14_z_o_faint/O-PTIR (mV) [] | P1: S15_z/O-PTIR (mV) [] | Q1: S16_z/O-PTIR (mV) [] | R1: S17_z/O-PTIR (mV) [] | S1: S18_z/O-PTIR (mV) [] | T1: S19_z/O-PTIR (mV) [] | U1: S20_z/O-PTIR (mV) [] | V1: S21_z/O-PTIR (mV) [] | W1: S22_z/O-PTIR (mV) [] | X1: S23_z_o_faint/O-PTIR (mV) [] | Y1: S24_z/O-PTIR (mV) [] | Z1: S25_z_o_faint/O-PTIR (mV) [] | AA1: S26_z_o_faint/O-PTIR (mV) [] | AB1: S27_z/O-PTIR (mV) [] | AC1: S28_z/O-PTIR (mV) [] | AD1: S29_z_o/O-PTIR (mV) [] | AE1: S30_z_o/O-PTIR (mV) []
A2: 935 | B2: =normalization!B2+plot!AI$4 -> 1.0418827 | C2: =normalization!C2+plot!AJ$4 -> 2.6817794 | D2: =normalization!D2+plot!AK$4 -> 4.3462109 | E2: =normalization!E2+plot!AL$4 -> 5.6936249 | F2: =normalization!F2+plot!AM$4 -> 7.2114073 | G2: =normalization!G2+plot!AN$4 -> 9.5889271 | H2: =normalization!H2+plot!AO$4 -> 10.009179 | I2: =normalization!I2+plot!AP$4 -> 11.661052 | ... AE2: =normalization!AE2+plot!BL$4 -> 47.036623
A3: 937 | B3: =normalization!B3+plot!AI$4 -> 1.1897479 | C3: =normalization!C3+plot!AJ$4 -> 2.6876322 | D3: =normalization!D3+plot!AK$4 -> 4.3489652 | E3: =normalization!E3+plot!AL$4 -> 5.7482533 | F3: =normalization!F3+plot!AM$4 -> 7.2369161 | G3: =normalization!G3+plot!AN$4 -> 9.7580675 | H3: =normalization!H3+plot!AO$4 -> 10.079593 | I3: =normalization!I3+plot!AP$4 -> 11.61503 | ... AE3: =normalization!AE3+plot!BL$4 -> 47.336405
A4: 939 | B4: =normalization!B4+plot!AI$4 -> 1.2891291 | C4: =normalization!C4+plot!AJ$4 -> 2.7008213 | D4: =normalization!D4+plot!AK$4 -> 4.3341178 | E4: =normalization!E4+plot!AL$4 -> 5.7350569 | F4: =normalization!F4+plot!AM$4 -> 7.2642007 | G4: =normalization!G4+plot!AN$4 -> 9.8915609 | H4: =normalization!H4+plot!AO$4 -> 10.132797 | I4: =normalization!I4+plot!AP$4 -> 11.561663 | ... AE4: =normalization!AE4+plot!BL$4 -> 47.368805 | AH4: Numbers to shift | AI4: 1 | AJ4: 2.5 | AK4: 4 | AL4: 5.5 | AM4: 7 | AN4: 8.5 | AO4: 10 | AP4: 11.5 | AQ4: 13 | AR4: 14.5 | AS4: 16 | AT4: 17.5 | AU4: 19 | AV4: 20.5 | AW4: 22 | AX4: 23.5 | AY4: 25 | AZ4: 26.5 | BA4: 28 | BB4: 29.5 | BC4: 31 | BD4: 32.5 | BE4: 34 | BF4: 35.5 | BG4: 37 | BH4: 38.5 | BI4: 40 | BJ4: 41.5 | BK4: 43 | BL4: 44.5 | BM4: 31
A5: 941 | B5: =normalization!B5+plot!AI$4 -> 1.3520001 | C5: =normalization!C5+plot!AJ$4 -> 2.736677 | D5: =normalization!D5+plot!AK$4 -> 4.4577695 | E5: =normalization!E5+plot!AL$4 -> 5.850706 | F5: =normalization!F5+plot!AM$4 -> 7.3331961 | G5: =normalization!G5+plot!AN$4 -> 9.9639295 | H5: =normalization!H5+plot!AO$4 -> 10.136697 | I5: =normalization!I5+plot!AP$4 -> 11.554458 | ... AE5: =normalization!AE5+plot!BL$4 -> 47.607723
A6: 943 | B6: =normalization!B6+plot!AI$4 -> 1.4247342 | C6: =normalization!C6+plot!AJ$4 -> 2.7708211 | D6: =normalization!D6+plot!AK$4 -> 4.6458973 | E6: =normalization!E6+plot!AL$4 -> 5.9425193 | F6: =normalization!F6+plot!AM$4 -> 7.5035778 | G6: =normalization!G6+plot!AN$4 -> 10.078989 | H6: =normalization!H6+plot!AO$4 -> 10.205728 | I6: =normalization!I6+plot!AP$4 -> 11.685897 | ... AE6: =normalization!AE6+plot!BL$4 -> 47.831739
A7: 945 | B7: =normalization!B7+plot!AI$4 -> 1.4662274 | C7: =normalization!C7+plot!AJ$4 -> 2.7891786 | D7: =normalization!D7+plot!AK$4 -> 4.8219348 | E7: =normalization!E7+plot!AL$4 -> 5.9527044 | F7: =normalization!F7+plot!AM$4 -> 7.6074905 | G7: =normalization!G7+plot!AN$4 -> 10.165929 | H7: =normalization!H7+plot!AO$4 -> 10.199782 | I7: =normalization!I7+plot!AP$4 -> 11.712192 | ... AE7: =normalization!AE7+plot!BL$4 -> 47.96511
A8: 947 | B8: =normalization!B8+plot!AI$4 -> 1.5312883 | C8: =normalization!C8+plot!AJ$4 -> 2.7946574 | D8: =normalization!D8+plot!AK$4 -> 4.9398819 | E8: =normalization!E8+plot!AL$4 -> 6.0535914 | F8: =normalization!F8+plot!AM$4 -> 7.5598013 | G8: =normalization!G8+plot!AN$4 -> 10.218929 | H8: =normalization!H8+plot!AO$4 -> 10.243138 | I8: =normalization!I8+plot!AP$4 -> 11.718811 | ... AE8: =normalization!AE8+plot!BL$4 -> 48.07197
A9: 949 | B9: =normalization!B9+plot!AI$4 -> 1.5550601 | C9: =normalization!C9+plot!AJ$4 -> 2.7963898 | D9: =normalization!D9+plot!AK$4 -> 4.9504929 | E9: =normalization!E9+plot!AL$4 -> 6.0611475 | F9: =normalization!F9+plot!AM$4 -> 7.5484041 | G9: =normalization!G9+plot!AN$4 -> 10.241421 | H9: =normalization!H9+plot!AO$4 -> 10.284557 | I9: =normalization!I9+plot!AP$4 -> 11.764332 | ... AE9: =normalization!AE9+plot!BL$4 -> 48.004722
A10: 951 | B10: =normalization!B10+plot!AI$4 -> 1.6058141 | C10: =normalization!C10+plot!AJ$4 -> 2.8239178 | D10: =normalization!D10+plot!AK$4 -> 5.0312654 | E10: =normalization!E10+plot!AL$4 -> 6.0782451 | F10: =normalization!F10+plot!AM$4 -> 7.5944474 | G10: =normalization!G10+plot!AN$4 -> 10.300596 | H10: =normalization!H10+plot!AO$4 -> 10.291547 | I10: =normalization!I10+plot!AP$4 -> 11.833799 | ... AE10: =normalization!AE10+plot!BL$4 -> 48.091643
A11: 953 | B11: =normalization!B11+plot!AI$4 -> 1.649138 | C11: =normalization!C11+plot!AJ$4 -> 2.825378 | D11: =normalization!D11+plot!AK$4 -> 5.1136296 | E11: =normalization!E11+plot!AL$4 -> 6.1452522 | F11: =normalization!F11+plot!AM$4 -> 7.6302235 | G11: =normalization!G11+plot!AN$4 -> 10.348047 | H11: =normalization!H11+plot!AO$4 -> 10.288572 | I11: =normalization!I11+plot!AP$4 -> 11.870279 | ... AE11: =normalization!AE11+plot!BL$4 -> 48.176899
A12: 955 | B12: =normalization!B12+plot!AI$4 -> 1.6345707 | C12: =normalization!C12+plot!AJ$4 -> 2.8249458 | D12: =normalization!D12+plot!AK$4 -> 5.1402932 | E12: =normalization!E12+plot!AL$4 -> 6.1817572 | F12: =normalization!F12+plot!AM$4 -> 7.681202 | G12: =normalization!G12+plot!AN$4 -> 10.374434 | H12: =normalization!H12+plot!AO$4 -> 10.293604 | I12: =normalization!I12+plot!AP$4 -> 11.87905 | ... AE12: =normalization!AE12+plot!BL$4 -> 48.162302
A13: 957 | B13: =normalization!B13+plot!AI$4 -> 1.5801391 | C13: =normalization!C13+plot!AJ$4 -> 2.8089238 | D13: =normalization!D13+plot!AK$4 -> 5.1330837 | E13: =normalization!E13+plot!AL$4 -> 6.1974164 | F13: =normalization!F13+plot!AM$4 -> 7.658286 | G13: =normalization!G13+plot!AN$4 -> 10.35506 | H13: =normalization!H13+plot!AO$4 -> 10.250179 | I13: =normalization!I13+plot!AP$4 -> 11.82274 | ... AE13: =normalization!AE13+plot!BL$4 -> 48.082077
A14: 959 | B14: =normalization!B14+plot!AI$4 -> 1.5106391 | C14: =normalization!C14+plot!AJ$4 -> 2.7715195 | D14: =normalization!D14+plot!AK$4 -> 5.1293514 | E14: =normalization!E14+plot!AL$4 -> 6.1311003 | F14: =normalization!F14+plot!AM$4 -> 7.6100781 | G14: =normalization!G14+plot!AN$4 -> 10.335686 | H14: =normalization!H14+plot!AO$4 -> 10.214214 | I14: =normalization!I14+plot!AP$4 -> 11.810702 | ... AE14: =normalization!AE14+plot!BL$4 -> 47.995256
A15: 961 | B15: =normalization!B15+plot!AI$4 -> 1.4749525 | C15: =normalization!C15+plot!AJ$4 -> 2.7428262 | D15: =normalization!D15+plot!AK$4 -> 5.0503372 | E15: =normalization!E15+plot!AL$4 -> 6.0680118 | F15: =normalization!F15+plot!AM$4 -> 7.572869 | G15: =normalization!G15+plot!AN$4 -> 10.310976 | H15: =normalization!H15+plot!AO$4 -> 10.165538 | I15: =normalization!I15+plot!AP$4 -> 11.793559 | ... AE15: =normalization!AE15+plot!BL$4 -> 47.95005
A16: 963 | B16: =normalization!B16+plot!AI$4 -> 1.4595097 | C16: =normalization!C16+plot!AJ$4 -> 2.7307721 | D16: =normalization!D16+plot!AK$4 -> 4.9587486 | E16: =normalization!E16+plot!AL$4 -> 6.0356917 | F16: =normalization!F16+plot!AM$4 -> 7.5719359 | G16: =normalization!G16+plot!AN$4 -> 10.292163 | H16: =normalization!H16+plot!AO$4 -> 10.132703 | I16: =normalization!I16+plot!AP$4 -> 11.756402 | ... AE16: =normalization!AE16+plot!BL$4 -> 47.850587
... A589: 2995 | B589: =normalization!B589+plot!AI$4 -> 1.2731852 | C589: =normalization!C589+plot!AJ$4 -> 2.4881416 | D589: =normalization!D589+plot!AK$4 -> 4.5801835 | E589: =normalization!E589+plot!AL$4 -> 5.7662675 | F589: =normalization!F589+plot!AM$4 -> 6.6469142 | G589: =normalization!G589+plot!AN$4 -> 8.6426406 | H589: =normalization!H589+plot!AO$4 -> 10.040409 | I589: =normalization!I589+plot!AP$4 -> 11.467469 | ... AE589: =normalization!AE589+plot!BL$4 -> 44.092451
