Workbook

Sheet Description
A2: Summary
A3: OPTIR Point analysis of 1% Se-PS-MNPs, 0.1 ppm D.magna slice
A4: 1- Raw data in "Raw"
A5: 2- "Normalization" to peak 1453 cm-1
A6: 3- "plot" add shifts for clarity

Sheet Raw
A1: X value [cmâ»Â¹] | B1: IR Spectrum 4/O-PTIR (mV) [mV] | C1: IR Spectrum 5/O-PTIR (mV) [mV] | D1: IR Spectrum 6/O-PTIR (mV) [mV] | E1: IR Spectrum 7/O-PTIR (mV) [mV] | F1: IR Spectrum 8/O-PTIR (mV) [mV] | G1: IR Spectrum 9/O-PTIR (mV) [mV] | H1: IR Spectrum 10/O-PTIR (mV) [mV] | I1: IR Spectrum 11/O-PTIR (mV) [mV] | J1: IR Spectrum 12/O-PTIR (mV) [mV] | K1: IR Spectrum 13/O-PTIR (mV) [mV] | L1: IR Spectrum 14/O-PTIR (mV) [mV] | M1: IR Spectrum 15/O-PTIR (mV) [mV] | N1: IR Spectrum 16/O-PTIR (mV) [mV] | O1: IR Spectrum 17/O-PTIR (mV) [mV] | P1: IR Spectrum 18/O-PTIR (mV) [mV] | Q1: IR Spectrum 19/O-PTIR (mV) [mV] | R1: IR Spectrum 20/O-PTIR (mV) [mV] | S1: IR Spectrum 21/O-PTIR (mV) [mV] | T1: IR Spectrum 22/O-PTIR (mV) [mV] | U1: IR Spectrum 23/O-PTIR (mV) [mV] | V1: IR Spectrum 24/O-PTIR (mV) [mV] | W1: IR Spectrum 25/O-PTIR (mV) [mV] | X1: IR Spectrum 26/O-PTIR (mV) [mV] | Y1: IR Spectrum 27/O-PTIR (mV) [mV] | Z1: IR Spectrum 28/O-PTIR (mV) [mV] | AA1: IR Spectrum 29/O-PTIR (mV) [mV] | AB1: IR Spectrum 30/O-PTIR (mV) [mV] | AC1: IR Spectrum 31/O-PTIR (mV) [mV] | AD1: IR Spectrum 32/O-PTIR (mV) [mV] | AE1: IR Spectrum 33/O-PTIR (mV) [mV] | AF1: IR Spectrum 34/O-PTIR (mV) [mV]
A2: 935 | B2: -0.41738401 | C2: -1.1867022 | D2: -0.38865221 | E2: 2.0358576 | F2: 0.37010577 | G2: 0.57802935 | H2: -1.5425752 | I2: 0.66022795 | J2: 1.6872313 | K2: 0.44891678 | L2: -1.1038151 | M2: -0.05916557 | N2: -0.8964934 | O2: 0.20015671 | P2: 0.95660545 | Q2: -1.6874579 | R2: -0.7416599 | S2: 1.3921463 | T2: 1.501078 | U2: -1.8668889 | V2: -1.630723 | W2: 0.55219597 | X2: -0.90640209 | Y2: -0.67914236 | Z2: -0.02556777 | AA2: -0.70423619 | AB2: 2.0613118 | AC2: 0.005516431 | AD2: -0.97751191 | AE2: -1.9104065 | AF2: 0.13976872
A3: 937 | B3: -0.53615633 | C3: -1.0495592 | D3: 0.29182211 | E3: 3.548223 | F3: 1.0248993 | G3: -0.76509079 | H3: -0.96890944 | I3: 0.15993559 | J3: 2.0268473 | K3: 0.93519091 | L3: 0.2382072 | M3: 0.9119577 | N3: 0.078624487 | O3: 0.74011311 | P3: -0.73020948 | Q3: -1.7125416 | R3: 0.42161229 | S3: 0.43412393 | T3: 0.79941421 | U3: -1.1891992 | V3: 0.083362189 | W3: 0.8676089 | X3: -0.013614794 | Y3: -1.6651578 | Z3: -0.4442311 | AA3: -0.235146 | AB3: 2.3296145 | AC3: -0.018211079 | AD3: 0.65510287 | AE3: -1.2426333 | AF3: 0.052768866
A4: 939 | B4: -0.40108098 | C4: -0.71486512 | D4: 1.0360259 | E4: 4.070571 | F4: 1.2349347 | G4: -1.1482713 | H4: 0.14815081 | I4: -0.74260179 | J4: 1.8934344 | K4: 0.6451748 | L4: 1.7465282 | M4: 0.39614602 | N4: 1.3256374 | O4: 0.91458316 | P4: -0.20424992 | Q4: -1.1199099 | R4: 0.5400513 | S4: 0.20918607 | T4: 0.97647931 | U4: -0.64555146 | V4: -0.15488865 | W4: 1.3610061 | X4: 0.19151588 | Y4: -0.67176652 | Z4: 0.48461839 | AA4: 0.35212932 | AB4: 3.0469064 | AC4: 0.10816983 | AD4: 2.1964883 | AE4: -0.91920353 | AF4: -0.34483842
A5: 941 | B5: 0.39415973 | C5: -0.71973353 | D5: 0.66241646 | E5: 4.6590749 | F5: 1.3457031 | G5: -0.87810645 | H5: 0.31578669 | I5: -0.12808814 | J5: 0.79959897 | K5: 0.39454729 | L5: 2.0121256 | M5: 0.24269931 | N5: 1.9694027 | O5: 0.70343735 | P5: -0.30092055 | Q5: -0.90899334 | R5: 0.1347121 | S5: 0.38609546 | T5: 0.52011547 | U5: -0.45214949 | V5: -0.28869788 | W5: 1.1524323 | X5: 0.24385876 | Y5: -0.14064335 | Z5: 1.255129 | AA5: 0.22582709 | AB5: 3.3337056 | AC5: -0.0914034 | AD5: 3.2700199 | AE5: -1.0990545 | AF5: 0.110523
A6: 943 | B6: 0.68788888 | C6: -0.33203045 | D6: 0.36948525 | E6: 6.0813859 | F6: 1.9223991 | G6: -0.17833255 | H6: 1.2451435 | I6: -0.22541418 | J6: 0.77167054 | K6: 1.3243074 | L6: 2.6436849 | M6: 0.72686655 | N6: 2.3393049 | O6: 0.55918149 | P6: -0.019309474 | Q6: -1.1420305 | R6: -0.023585942 | S6: 0.22648295 | T6: 0.25231363 | U6: -0.33486916 | V6: 0.1063935 | W6: 1.2633842 | X6: 0.15990932 | Y6: -0.11537688 | Z6: 0.99587066 | AA6: 0.37179219 | AB6: 3.3693638 | AC6: -0.002042532 | AD6: 3.9934856 | AE6: -0.89099753 | AF6: 0.14778188
A7: 945 | B7: 0.91351438 | C7: -0.4204479 | D7: 0.29628785 | E7: 7.165367 | F7: 2.8436047 | G7: 0.64766477 | H7: 1.8081197 | I7: 0.19781191 | J7: 1.2809892 | K7: 1.6208493 | L7: 3.1603483 | M7: 1.1130185 | N7: 3.2445381 | O7: 0.33659023 | P7: 0.16917769 | Q7: -0.72262095 | R7: 0.28229165 | S7: 0.53254327 | T7: -0.14813361 | U7: -0.26993219 | V7: 0.38484993 | W7: 1.6199622 | X7: -0.18352392 | Y7: 0.033142356 | Z7: 0.7810636 | AA7: 0.79269867 | AB7: 2.6819114 | AC7: 0.028833185 | AD7: 4.2282179 | AE7: -0.26022329 | AF7: 0.2117828
A8: 947 | B8: 0.72253075 | C8: -0.41567722 | D8: 0.12488666 | E8: 7.5738362 | F8: 3.0258768 | G8: 0.83782462 | H8: 2.1605247 | I8: 0.64736615 | J8: 1.4545898 | K8: 1.6984019 | L8: 3.9214478 | M8: 1.3746578 | N8: 3.8281737 | O8: 0.55188481 | P8: 0.1203545 | Q8: -0.53103359 | R8: 0.16186381 | S8: 0.7079211 | T8: 0.1879244 | U8: -0.12667829 | V8: 0.51331786 | W8: 1.8429088 | X8: -0.10265305 | Y8: 0.41829106 | Z8: 1.0503185 | AA8: 1.4880762 | AB8: 2.8493092 | AC8: 0.38358891 | AD8: 4.1754042 | AE8: 0.19750687 | AF8: 0.46369707
A9: 949 | B9: 0.80818056 | C9: -0.41668123 | D9: 0.40209871 | E9: 7.9583963 | F9: 3.1265444 | G9: 1.4437396 | H9: 2.3582173 | I9: 0.92585876 | J9: 1.6043092 | K9: 1.9403789 | L9: 4.1528912 | M9: 1.5659137 | N9: 4.2713944 | O9: 0.98631112 | P9: 0.58161181 | Q9: -0.20609868 | R9: 0.041078595 | S9: 0.94245606 | T9: -0.13979166 | U9: -0.36124272 | V9: 0.42118352 | W9: 2.3391304 | X9: 0.24826803 | Y9: 0.65881512 | Z9: 1.5330714 | AA9: 1.3514615 | AB9: 3.0795725 | AC9: 0.45863876 | AD9: 4.3733799 | AE9: 0.52947976 | AF9: 0.5319942
A10: 951 | B10: 0.84257015 | C10: -0.41486298 | D10: 0.53790421 | E10: 8.4675557 | F10: 3.2146153 | G10: 1.9281455 | H10: 2.437223 | I10: 0.9912856 | J10: 1.5641312 | K10: 2.0796635 | L10: 4.3415996 | M10: 1.5797317 | N10: 4.4973842 | O10: 1.1079589 | P10: 0.44337539 | Q10: -0.20899703 | R10: 0.25215067 | S10: 1.0751046 | T10: -0.33604043 | U10: -0.61293912 | V10: 0.54106141 | W10: 2.3946894 | X10: 0.087795998 | Y10: 0.74675188 | Z10: 1.7018074 | AA10: 1.0205917 | AB10: 3.5121287 | AC10: 0.31901196 | AD10: 4.7146859 | AE10: 0.51587439 | AF10: 0.56070086
A11: 953 | B11: 0.94493377 | C11: -0.45643932 | D11: 0.45453075 | E11: 8.8252188 | F11: 3.3720734 | G11: 1.9066267 | H11: 2.5615643 | I11: 0.68954154 | J11: 1.5538503 | K11: 2.2011251 | L11: 4.5636504 | M11: 1.9033213 | N11: 4.7067289 | O11: 0.90955086 | P11: 0.89292696 | Q11: -0.091610779 | R11: 0.16152586 | S11: 1.395283 | T11: -0.11793508 | U11: -0.41141445 | V11: 0.6991305 | W11: 2.6105059 | X11: -0.038681121 | Y11: 0.81796543 | Z11: 1.2533393 | AA11: 1.1611357 | AB11: 3.361745 | AC11: 0.28181419 | AD11: 5.066754 | AE11: 0.66305748 | AF11: 0.80159305
A12: 955 | B12: 0.96463853 | C12: -0.35251194 | D12: 0.54144597 | E12: 9.016504 | F12: 3.5497202 | G12: 1.6860485 | H12: 2.6031764 | I12: 0.71731934 | J12: 1.632616 | K12: 2.1050634 | L12: 5.0406672 | M12: 1.9362086 | N12: 4.780623 | O12: 0.72190881 | P12: 1.1278846 | Q12: -0.067249989 | R12: 0.24539491 | S12: 1.3990239 | T12: -0.17227428 | U12: -0.3689166 | V12: 0.58960911 | W12: 2.6273871 | X12: 0.01316529 | Y12: 1.0243659 | Z12: 1.2706801 | AA12: 1.3389225 | AB12: 2.6920381 | AC12: 0.1290482 | AD12: 4.9866398 | AE12: 0.74503801 | AF12: 0.67893243
A13: 957 | B13: 0.91942547 | C13: -0.17807791 | D13: 0.56953383 | E13: 8.8084863 | F13: 3.693565 | G13: 1.7211599 | H13: 2.6174143 | I13: 0.87800451 | J13: 1.6690879 | K13: 1.9363811 | L13: 5.0556758 | M13: 1.7755907 | N13: 4.831498 | O13: 0.84137328 | P13: 1.1868693 | Q13: -0.17962486 | R13: 0.24270089 | S13: 1.2739228 | T13: -0.13099366 | U13: -0.14697872 | V13: 0.49591881 | W13: 2.4123712 | X13: -0.0068828594 | Y13: 1.1652816 | Z13: 1.445249 | AA13: 1.4862288 | AB13: 2.502591 | AC13: 0.012168758 | AD13: 5.1259405 | AE13: 0.77567726 | AF13: 0.59336056
... A542: 2901 | B542: 2.0878719 | C542: 2.8462698 | D542: 0.64548635 | E542: 11.187792 | F542: 7.5367945 | G542: 7.8172922 | H542: 5.7727958 | I542: 3.4123292 | J542: 6.1754993 | K542: 6.273287 | L542: 9.6767473 | M542: 7.1422038 | N542: 5.1648922 | O542: 5.6710016 | P542: 4.0909169 | Q542: 0.99057792 | R542: 1.2632443 | S542: 4.6985661 | T542: 2.9476352 | U542: 4.2057103 | V542: 2.9879457 | W542: 5.2139967 | X542: 0.68769648 | Y542: 3.3996674 | Z542: 7.3204567 | AA542: 4.8985085 | AB542: 3.2794542 | AC542: 4.0703075 | AD542: 4.9122065 | AE542: 9.4296176 | AF542: 3.6400723

Sheet Normalized
A1: =Raw!A1 -> X value [cmâ»Â¹] | B1: =Raw!B1 -> IR Spectrum 4/O-PTIR (mV) [mV] | C1: =Raw!C1 -> IR Spectrum 5/O-PTIR (mV) [mV] | D1: =Raw!D1 -> IR Spectrum 6/O-PTIR (mV) [mV] | E1: =Raw!E1 -> IR Spectrum 7/O-PTIR (mV) [mV] | F1: =Raw!F1 -> IR Spectrum 8/O-PTIR (mV) [mV] | G1: =Raw!G1 -> IR Spectrum 9/O-PTIR (mV) [mV] | H1: =Raw!H1 -> IR Spectrum 10/O-PTIR (mV) [mV] | ... AE1: =Raw!AE1 -> IR Spectrum 33/O-PTIR (mV) [mV]
A2: =Raw!A2 -> 935 | B2: =Raw!B2/Raw!B$261 -> -0.13216226 | C2: =Raw!C2/Raw!C$261 -> -0.37687015 | D2: =Raw!D2/Raw!D$261 -> -0.36453374 | E2: =Raw!E2/Raw!E$261 -> 0.22230466 | F2: =Raw!F2/Raw!F$261 -> 0.075292419 | G2: =Raw!G2/Raw!G$261 -> 0.12435597 | H2: =Raw!H2/Raw!H$261 -> -0.39377892 | I2: =Raw!I2/Raw!I$261 -> 0.28047047 | ... AE2: =Raw!AE2/Raw!AE$261 -> -0.43040503
A3: =Raw!A3 -> 937 | B3: =Raw!B3/Raw!B$261 -> -0.16977083 | C3: =Raw!C3/Raw!C$261 -> -0.3333166 | D3: =Raw!D3/Raw!D$261 -> 0.27371259 | E3: =Raw!E3/Raw!E$261 -> 0.3874468 | F3: =Raw!F3/Raw!F$261 -> 0.20850025 | G3: =Raw!G3/Raw!G$261 -> -0.16459996 | H3: =Raw!H3/Raw!H$261 -> -0.24733713 | I3: =Raw!I3/Raw!I$261 -> 0.067942005 | ... AE3: =Raw!AE3/Raw!AE$261 -> -0.27995908
A4: =Raw!A4 -> 939 | B4: =Raw!B4/Raw!B$261 -> -0.12699999 | C4: =Raw!C4/Raw!C$261 -> -0.22702522 | D4: =Raw!D4/Raw!D$261 -> 0.97173357 | E4: =Raw!E4/Raw!E$261 -> 0.44448438 | F4: =Raw!F4/Raw!F$261 -> 0.25122879 | G4: =Raw!G4/Raw!G$261 -> -0.24703659 | H4: =Raw!H4/Raw!H$261 -> 0.037819009 | I4: =Raw!I4/Raw!I$261 -> -0.31546358 | ... AE4: =Raw!AE4/Raw!AE$261 -> -0.20709196
A5: =Raw!A5 -> 941 | B5: =Raw!B5/Raw!B$261 -> 0.12480842 | C5: =Raw!C5/Raw!C$261 -> -0.22857132 | D5: =Raw!D5/Raw!D$261 -> 0.62130909 | E5: =Raw!E5/Raw!E$261 -> 0.50874583 | F5: =Raw!F5/Raw!F$261 -> 0.27376294 | G5: =Raw!G5/Raw!G$261 -> -0.1889139 | H5: =Raw!H5/Raw!H$261 -> 0.080612045 | I5: =Raw!I5/Raw!I$261 -> -0.054412935 | ... AE5: =Raw!AE5/Raw!AE$261 -> -0.24761149
A6: =Raw!A6 -> 943 | B6: =Raw!B6/Raw!B$261 -> 0.21781607 | C6: =Raw!C6/Raw!C$261 -> -0.10544547 | D6: =Raw!D6/Raw!D$261 -> 0.34655622 | E6: =Raw!E6/Raw!E$261 -> 0.66405452 | F6: =Raw!F6/Raw!F$261 -> 0.39108301 | G6: =Raw!G6/Raw!G$261 -> -0.038366074 | H6: =Raw!H6/Raw!H$261 -> 0.31785243 | I6: =Raw!I6/Raw!I$261 -> -0.095757867 | ... AE6: =Raw!AE6/Raw!AE$261 -> -0.20073729
A7: =Raw!A7 -> 945 | B7: =Raw!B7/Raw!B$261 -> 0.28925909 | C7: =Raw!C7/Raw!C$261 -> -0.13352488 | D7: =Raw!D7/Raw!D$261 -> 0.27790121 | E7: =Raw!E7/Raw!E$261 -> 0.7824194 | F7: =Raw!F7/Raw!F$261 -> 0.57848835 | G7: =Raw!G7/Raw!G$261 -> 0.13933718 | H7: =Raw!H7/Raw!H$261 -> 0.46156546 | I7: =Raw!I7/Raw!I$261 -> 0.084032188 | ... AE7: =Raw!AE7/Raw!AE$261 -> -0.058627007
A8: =Raw!A8 -> 947 | B8: =Raw!B8/Raw!B$261 -> 0.22878522 | C8: =Raw!C8/Raw!C$261 -> -0.13200982 | D8: =Raw!D8/Raw!D$261 -> 0.11713661 | E8: =Raw!E8/Raw!E$261 -> 0.82702203 | F8: =Raw!F8/Raw!F$261 -> 0.61556884 | G8: =Raw!G8/Raw!G$261 -> 0.18024776 | H8: =Raw!H8/Raw!H$261 -> 0.5515252 | I8: =Raw!I8/Raw!I$261 -> 0.27500666 | ... AE8: =Raw!AE8/Raw!AE$261 -> 0.044497312
A9: =Raw!A9 -> 949 | B9: =Raw!B9/Raw!B$261 -> 0.25590574 | C9: =Raw!C9/Raw!C$261 -> -0.13232867 | D9: =Raw!D9/Raw!D$261 -> 0.3771458 | E9: =Raw!E9/Raw!E$261 -> 0.86901391 | F9: =Raw!F9/Raw!F$261 -> 0.63604814 | G9: =Raw!G9/Raw!G$261 -> 0.31060297 | H9: =Raw!H9/Raw!H$261 -> 0.60199093 | I9: =Raw!I9/Raw!I$261 -> 0.3933127 | ... AE9: =Raw!AE9/Raw!AE$261 -> 0.11928914
A10: =Raw!A10 -> 951 | B10: =Raw!B10/Raw!B$261 -> 0.26679501 | C10: =Raw!C10/Raw!C$261 -> -0.13175123 | D10: =Raw!D10/Raw!D$261 -> 0.50452366 | E10: =Raw!E10/Raw!E$261 -> 0.92461137 | F10: =Raw!F10/Raw!F$261 -> 0.65396485 | G10: =Raw!G10/Raw!G$261 -> 0.41481701 | H10: =Raw!H10/Raw!H$261 -> 0.62215899 | I10: =Raw!I10/Raw!I$261 -> 0.42110658 | ... AE10: =Raw!AE10/Raw!AE$261 -> 0.11622392
A11: =Raw!A11 -> 953 | B11: =Raw!B11/Raw!B$261 -> 0.29920787 | C11: =Raw!C11/Raw!C$261 -> -0.14495495 | D11: =Raw!D11/Raw!D$261 -> 0.42632408 | E11: =Raw!E11/Raw!E$261 -> 0.96366626 | F11: =Raw!F11/Raw!F$261 -> 0.68599731 | G11: =Raw!G11/Raw!G$261 -> 0.41018751 | H11: =Raw!H11/Raw!H$261 -> 0.65390006 | I11: =Raw!I11/Raw!I$261 -> 0.29292313 | ... AE11: =Raw!AE11/Raw!AE$261 -> 0.14938354
A12: =Raw!A12 -> 955 | B12: =Raw!B12/Raw!B$261 -> 0.30544726 | C12: =Raw!C12/Raw!C$261 -> -0.11194993 | D12: =Raw!D12/Raw!D$261 -> 0.50784563 | E12: =Raw!E12/Raw!E$261 -> 0.98455356 | F12: =Raw!F12/Raw!F$261 -> 0.72213686 | G12: =Raw!G12/Raw!G$261 -> 0.36273278 | H12: =Raw!H12/Raw!H$261 -> 0.66452253 | I12: =Raw!I12/Raw!I$261 -> 0.30472338 | ... AE12: =Raw!AE12/Raw!AE$261 -> 0.16785334
A13: =Raw!A13 -> 957 | B13: =Raw!B13/Raw!B$261 -> 0.29113081 | C13: =Raw!C13/Raw!C$261 -> -0.056553573 | D13: =Raw!D13/Raw!D$261 -> 0.53419046 | E13: =Raw!E13/Raw!E$261 -> 0.96183916 | F13: =Raw!F13/Raw!F$261 -> 0.7513999 | G13: =Raw!G13/Raw!G$261 -> 0.37028657 | H13: =Raw!H13/Raw!H$261 -> 0.66815711 | I13: =Raw!I13/Raw!I$261 -> 0.37298381 | ... AE13: =Raw!AE13/Raw!AE$261 -> 0.17475621
... A542: =Raw!A542 -> 2901 | B542: =Raw!B542/Raw!B$261 -> 0.66111269 | C542: =Raw!C542/Raw!C$261 -> 0.90391184 | D542: =Raw!D542/Raw!D$261 -> 0.60542961 | E542: =Raw!E542/Raw!E$261 -> 1.2216464 | F542: =Raw!F542/Raw!F$261 -> 1.5332468 | G542: =Raw!G542/Raw!G$261 -> 1.6817952 | H542: =Raw!H542/Raw!H$261 -> 1.4736431 | I542: =Raw!I542/Raw!I$261 -> 1.4495866 | ... AE542: =Raw!AE542/Raw!AE$261 -> 2.1244457

Sheet plot
A1: =Normalized!A1 -> X value [cmâ»Â¹] | B1: =Normalized!B1 -> IR Spectrum 4/O-PTIR (mV) [mV] | C1: =Normalized!C1 -> IR Spectrum 5/O-PTIR (mV) [mV] | D1: =Normalized!D1 -> IR Spectrum 6/O-PTIR (mV) [mV] | E1: =Normalized!E1 -> IR Spectrum 7/O-PTIR (mV) [mV] | F1: =Normalized!F1 -> IR Spectrum 8/O-PTIR (mV) [mV] | G1: =Normalized!G1 -> IR Spectrum 9/O-PTIR (mV) [mV] | H1: =Normalized!H1 -> IR Spectrum 10/O-PTIR (mV) [mV] | ... AE1: =Normalized!AE1 -> IR Spectrum 33/O-PTIR (mV) [mV]
A2: =Normalized!A2 -> 935 | B2: =Normalized!B2+plot!AH$4 -> 1.8678377 | C2: =Normalized!C2+plot!AI$4 -> 3.6231298 | D2: =Normalized!D2+plot!AJ$4 -> 5.6354663 | E2: =Normalized!E2+plot!AK$4 -> 8.2223047 | F2: =Normalized!F2+plot!AL$4 -> 10.075292 | G2: =Normalized!G2+plot!AM$4 -> 12.124356 | H2: =Normalized!H2+plot!AN$4 -> 13.606221 | I2: =Normalized!I2+plot!AO$4 -> 16.28047 | ... AE2: =Normalized!AE2+plot!BK$4 -> 59.569595
A3: =Normalized!A3 -> 937 | B3: =Normalized!B3+plot!AH$4 -> 1.8302292 | C3: =Normalized!C3+plot!AI$4 -> 3.6666834 | D3: =Normalized!D3+plot!AJ$4 -> 6.2737126 | E3: =Normalized!E3+plot!AK$4 -> 8.3874468 | F3: =Normalized!F3+plot!AL$4 -> 10.2085 | G3: =Normalized!G3+plot!AM$4 -> 11.8354 | H3: =Normalized!H3+plot!AN$4 -> 13.752663 | I3: =Normalized!I3+plot!AO$4 -> 16.067942 | ... AE3: =Normalized!AE3+plot!BK$4 -> 59.720041
A4: =Normalized!A4 -> 939 | B4: =Normalized!B4+plot!AH$4 -> 1.873 | C4: =Normalized!C4+plot!AI$4 -> 3.7729748 | D4: =Normalized!D4+plot!AJ$4 -> 6.9717336 | E4: =Normalized!E4+plot!AK$4 -> 8.4444844 | F4: =Normalized!F4+plot!AL$4 -> 10.251229 | G4: =Normalized!G4+plot!AM$4 -> 11.752963 | H4: =Normalized!H4+plot!AN$4 -> 14.037819 | I4: =Normalized!I4+plot!AO$4 -> 15.684536 | ... AE4: =Normalized!AE4+plot!BK$4 -> 59.792908 | AG4: shift | AH4: 2 | AI4: 4 | AJ4: 6 | AK4: 8 | AL4: 10 | AM4: 12 | AN4: 14 | AO4: 16 | AP4: 18 | AQ4: 20 | AR4: 22 | AS4: 24 | AT4: 26 | AU4: 28 | AV4: 30 | AW4: 32 | AX4: 34 | AY4: 36 | AZ4: 38 | BA4: 40 | BB4: 42 | BC4: 44 | BD4: 46 | BE4: 48 | BF4: 50 | BG4: 52 | BH4: 54 | BI4: 56 | BJ4: 58 | BK4: 60
A5: =Normalized!A5 -> 941 | B5: =Normalized!B5+plot!AH$4 -> 2.1248084 | C5: =Normalized!C5+plot!AI$4 -> 3.7714287 | D5: =Normalized!D5+plot!AJ$4 -> 6.6213091 | E5: =Normalized!E5+plot!AK$4 -> 8.5087458 | F5: =Normalized!F5+plot!AL$4 -> 10.273763 | G5: =Normalized!G5+plot!AM$4 -> 11.811086 | H5: =Normalized!H5+plot!AN$4 -> 14.080612 | I5: =Normalized!I5+plot!AO$4 -> 15.945587 | ... AE5: =Normalized!AE5+plot!BK$4 -> 59.752389
A6: =Normalized!A6 -> 943 | B6: =Normalized!B6+plot!AH$4 -> 2.2178161 | C6: =Normalized!C6+plot!AI$4 -> 3.8945545 | D6: =Normalized!D6+plot!AJ$4 -> 6.3465562 | E6: =Normalized!E6+plot!AK$4 -> 8.6640545 | F6: =Normalized!F6+plot!AL$4 -> 10.391083 | G6: =Normalized!G6+plot!AM$4 -> 11.961634 | H6: =Normalized!H6+plot!AN$4 -> 14.317852 | I6: =Normalized!I6+plot!AO$4 -> 15.904242 | ... AE6: =Normalized!AE6+plot!BK$4 -> 59.799263
A7: =Normalized!A7 -> 945 | B7: =Normalized!B7+plot!AH$4 -> 2.2892591 | C7: =Normalized!C7+plot!AI$4 -> 3.8664751 | D7: =Normalized!D7+plot!AJ$4 -> 6.2779012 | E7: =Normalized!E7+plot!AK$4 -> 8.7824194 | F7: =Normalized!F7+plot!AL$4 -> 10.578488 | G7: =Normalized!G7+plot!AM$4 -> 12.139337 | H7: =Normalized!H7+plot!AN$4 -> 14.461565 | I7: =Normalized!I7+plot!AO$4 -> 16.084032 | ... AE7: =Normalized!AE7+plot!BK$4 -> 59.941373
A8: =Normalized!A8 -> 947 | B8: =Normalized!B8+plot!AH$4 -> 2.2287852 | C8: =Normalized!C8+plot!AI$4 -> 3.8679902 | D8: =Normalized!D8+plot!AJ$4 -> 6.1171366 | E8: =Normalized!E8+plot!AK$4 -> 8.827022 | F8: =Normalized!F8+plot!AL$4 -> 10.615569 | G8: =Normalized!G8+plot!AM$4 -> 12.180248 | H8: =Normalized!H8+plot!AN$4 -> 14.551525 | I8: =Normalized!I8+plot!AO$4 -> 16.275007 | ... AE8: =Normalized!AE8+plot!BK$4 -> 60.044497
A9: =Normalized!A9 -> 949 | B9: =Normalized!B9+plot!AH$4 -> 2.2559057 | C9: =Normalized!C9+plot!AI$4 -> 3.8676713 | D9: =Normalized!D9+plot!AJ$4 -> 6.3771458 | E9: =Normalized!E9+plot!AK$4 -> 8.8690139 | F9: =Normalized!F9+plot!AL$4 -> 10.636048 | G9: =Normalized!G9+plot!AM$4 -> 12.310603 | H9: =Normalized!H9+plot!AN$4 -> 14.601991 | I9: =Normalized!I9+plot!AO$4 -> 16.393313 | ... AE9: =Normalized!AE9+plot!BK$4 -> 60.119289
A10: =Normalized!A10 -> 951 | B10: =Normalized!B10+plot!AH$4 -> 2.266795 | C10: =Normalized!C10+plot!AI$4 -> 3.8682488 | D10: =Normalized!D10+plot!AJ$4 -> 6.5045237 | E10: =Normalized!E10+plot!AK$4 -> 8.9246114 | F10: =Normalized!F10+plot!AL$4 -> 10.653965 | G10: =Normalized!G10+plot!AM$4 -> 12.414817 | H10: =Normalized!H10+plot!AN$4 -> 14.622159 | I10: =Normalized!I10+plot!AO$4 -> 16.421107 | ... AE10: =Normalized!AE10+plot!BK$4 -> 60.116224
A11: =Normalized!A11 -> 953 | B11: =Normalized!B11+plot!AH$4 -> 2.2992079 | C11: =Normalized!C11+plot!AI$4 -> 3.855045 | D11: =Normalized!D11+plot!AJ$4 -> 6.4263241 | E11: =Normalized!E11+plot!AK$4 -> 8.9636663 | F11: =Normalized!F11+plot!AL$4 -> 10.685997 | G11: =Normalized!G11+plot!AM$4 -> 12.410188 | H11: =Normalized!H11+plot!AN$4 -> 14.6539 | I11: =Normalized!I11+plot!AO$4 -> 16.292923 | ... AE11: =Normalized!AE11+plot!BK$4 -> 60.149384
A12: =Normalized!A12 -> 955 | B12: =Normalized!B12+plot!AH$4 -> 2.3054473 | C12: =Normalized!C12+plot!AI$4 -> 3.8880501 | D12: =Normalized!D12+plot!AJ$4 -> 6.5078456 | E12: =Normalized!E12+plot!AK$4 -> 8.9845536 | F12: =Normalized!F12+plot!AL$4 -> 10.722137 | G12: =Normalized!G12+plot!AM$4 -> 12.362733 | H12: =Normalized!H12+plot!AN$4 -> 14.664523 | I12: =Normalized!I12+plot!AO$4 -> 16.304723 | ... AE12: =Normalized!AE12+plot!BK$4 -> 60.167853
A13: =Normalized!A13 -> 957 | B13: =Normalized!B13+plot!AH$4 -> 2.2911308 | C13: =Normalized!C13+plot!AI$4 -> 3.9434464 | D13: =Normalized!D13+plot!AJ$4 -> 6.5341905 | E13: =Normalized!E13+plot!AK$4 -> 8.9618392 | F13: =Normalized!F13+plot!AL$4 -> 10.7514 | G13: =Normalized!G13+plot!AM$4 -> 12.370287 | H13: =Normalized!H13+plot!AN$4 -> 14.668157 | I13: =Normalized!I13+plot!AO$4 -> 16.372984 | ... AE13: =Normalized!AE13+plot!BK$4 -> 60.174756
A14: =Normalized!A14 -> 959 | B14: =Normalized!B14+plot!AH$4 -> 2.2748384 | C14: =Normalized!C14+plot!AI$4 -> 3.9636045 | D14: =Normalized!D14+plot!AJ$4 -> 6.512058 | E14: =Normalized!E14+plot!AK$4 -> 8.93851 | F14: =Normalized!F14+plot!AL$4 -> 10.750974 | G14: =Normalized!G14+plot!AM$4 -> 12.389962 | H14: =Normalized!H14+plot!AN$4 -> 14.633995 | I14: =Normalized!I14+plot!AO$4 -> 16.380963 | ... AE14: =Normalized!AE14+plot!BK$4 -> 60.191991
A15: =Normalized!A15 -> 961 | B15: =Normalized!B15+plot!AH$4 -> 2.2862686 | C15: =Normalized!C15+plot!AI$4 -> 4.018334 | D15: =Normalized!D15+plot!AJ$4 -> 6.5420698 | E15: =Normalized!E15+plot!AK$4 -> 8.9217612 | F15: =Normalized!F15+plot!AL$4 -> 10.714602 | G15: =Normalized!G15+plot!AM$4 -> 12.375295 | H15: =Normalized!H15+plot!AN$4 -> 14.64598 | I15: =Normalized!I15+plot!AO$4 -> 16.414149 | ... AE15: =Normalized!AE15+plot!BK$4 -> 60.234377
A16: =Normalized!A16 -> 963 | B16: =Normalized!B16+plot!AH$4 -> 2.2760705 | C16: =Normalized!C16+plot!AI$4 -> 4.0122024 | D16: =Normalized!D16+plot!AJ$4 -> 6.4497569 | E16: =Normalized!E16+plot!AK$4 -> 8.8881455 | F16: =Normalized!F16+plot!AL$4 -> 10.702681 | G16: =Normalized!G16+plot!AM$4 -> 12.314156 | H16: =Normalized!H16+plot!AN$4 -> 14.673289 | I16: =Normalized!I16+plot!AO$4 -> 16.478512 | ... AE16: =Normalized!AE16+plot!BK$4 -> 60.248695
... A542: =Normalized!A542 -> 2901 | B542: =Normalized!B542+plot!AH$4 -> 2.6611127 | C542: =Normalized!C542+plot!AI$4 -> 4.9039118 | D542: =Normalized!D542+plot!AJ$4 -> 6.6054296 | E542: =Normalized!E542+plot!AK$4 -> 9.2216464 | F542: =Normalized!F542+plot!AL$4 -> 11.533247 | G542: =Normalized!G542+plot!AM$4 -> 13.681795 | H542: =Normalized!H542+plot!AN$4 -> 15.473643 | I542: =Normalized!I542+plot!AO$4 -> 17.449587 | ... AE542: =Normalized!AE542+plot!BK$4 -> 62.124446
