Workbook

Sheet Description
A2: Summary
A3: OPTIR Point analysis of 1% Se-PS-MNPs, 1 ppm D.magna slice
A4: 1- Raw data in "Raw"
A5: 2- "Normalization" to peak 1453 cm-1
A6: 3- "plot" add shifts for clarity

Sheet Raw
A1: X value [cmâ»Â¹] | B1: IR Spectrum 4/O-PTIR (mV) [] | C1: IR Spectrum 5/O-PTIR (mV) [] | D1: IR Spectrum 6/O-PTIR (mV) [] | E1: IR Spectrum 7/O-PTIR (mV) [] | F1: IR Spectrum 8/O-PTIR (mV) [] | G1: IR Spectrum 9/O-PTIR (mV) [] | H1: IR Spectrum 10/O-PTIR (mV) [] | I1: IR Spectrum 11/O-PTIR (mV) [] | J1: IR Spectrum 12/O-PTIR (mV) [] | K1: IR Spectrum 13/O-PTIR (mV) [] | L1: IR Spectrum 14/O-PTIR (mV) [] | M1: IR Spectrum 15/O-PTIR (mV) [] | N1: IR Spectrum 16/O-PTIR (mV) [] | O1: IR Spectrum 17/O-PTIR (mV) [] | P1: IR Spectrum 18/O-PTIR (mV) [] | Q1: IR Spectrum 19/O-PTIR (mV) [] | R1: IR Spectrum 20/O-PTIR (mV) [] | S1: IR Spectrum 21/O-PTIR (mV) [] | T1: IR Spectrum 22/O-PTIR (mV) [] | U1: IR Spectrum 23/O-PTIR (mV) [] | V1: IR Spectrum 24/O-PTIR (mV) [] | W1: IR Spectrum 25/O-PTIR (mV) [] | X1: IR Spectrum 26/O-PTIR (mV) [] | Y1: IR Spectrum 27/O-PTIR (mV) [] | Z1: IR Spectrum 28/O-PTIR (mV) [] | AA1: IR Spectrum 29/O-PTIR (mV) [] | AB1: IR Spectrum 30/O-PTIR (mV) [] | AC1: IR Spectrum 31/O-PTIR (mV) [] | AD1: IR Spectrum 32/O-PTIR (mV) [] | AE1: IR Spectrum 33/O-PTIR (mV) []
A2: 935 | B2: 0.88762569 | C2: 4.3110223 | D2: 3.1464303 | E2: 2.0612755 | F2: -1.7080623 | G2: -0.30547625 | H2: 1.0374084 | I2: 1.11474 | J2: 0.83000034 | K2: 0.68280709 | L2: -0.90495175 | M2: -0.060459759 | N2: 0.27632764 | O2: 2.5417149 | P2: -0.71414346 | Q2: 0.29080513 | R2: 0.32172072 | S2: 1.7276026 | T2: 1.17055 | U2: 0.34844512 | V2: 0.097683057 | W2: 0.90240228 | X2: 2.1216254 | Y2: 1.397815 | Z2: 0.025410568 | AA2: 0.89291424 | AB2: 0.43097347 | AC2: 0.22594349 | AD2: 0.2988649 | AE2: 0.86054397
A3: 937 | B3: 0.21268962 | C3: 4.8142314 | D3: 3.1101873 | E3: 0.91750902 | F3: -0.41484538 | G3: 0.70861644 | H3: 0.79376495 | I3: 1.6183257 | J3: 1.0505605 | K3: 0.30978024 | L3: -0.062681295 | M3: -0.0274732 | N3: 0.27794075 | O3: 2.0012026 | P3: 0.90003592 | Q3: 0.63107741 | R3: 0.82907802 | S3: 1.6987747 | T3: 0.77420843 | U3: 0.70844787 | V3: 0.03967106 | W3: 0.51315975 | X3: 1.6898806 | Y3: 1.5132239 | Z3: 0.59918678 | AA3: 1.2300947 | AB3: 0.25904104 | AC3: 0.24135622 | AD3: 0.40681863 | AE3: 1.7545395
A4: 939 | B4: 1.4178917 | C4: 5.9586964 | D4: 4.2574897 | E4: 1.3984457 | F4: -0.26079383 | G4: 0.24187021 | H4: 1.7878916 | I4: 1.8175478 | J4: 1.027706 | K4: 0.6577453 | L4: 0.038522966 | M4: -0.0735671 | N4: 0.17230043 | O4: 2.8185248 | P4: 1.2249566 | Q4: 1.2505949 | R4: 0.84055817 | S4: 2.2518539 | T4: 0.46419442 | U4: 1.309463 | V4: 0.13354488 | W4: 0.35935932 | X4: 1.6522783 | Y4: 1.3430175 | Z4: 0.47756994 | AA4: 1.5701339 | AB4: 0.4050796 | AC4: 0.56647515 | AD4: 1.0427811 | AE4: 1.4274658
A5: 941 | B5: 2.0606315 | C5: 7.1015964 | D5: 4.4732137 | E5: 1.999383 | F5: -0.13384706 | G5: 0.33526307 | H5: 2.3562706 | I5: 2.573463 | J5: 0.89705938 | K5: 1.1116115 | L5: 0.15733008 | M5: -0.21632287 | N5: 0.08211226 | O5: 3.5891647 | P5: 0.86842626 | Q5: 1.6504987 | R5: 0.60789371 | S5: 2.7071421 | T5: 0.49877104 | U5: 1.7225513 | V5: -0.11451021 | W5: 0.30820835 | X5: 1.4514384 | Y5: 0.96001208 | Z5: 0.6156916 | AA5: 1.6136247 | AB5: -0.15930229 | AC5: 0.25575477 | AD5: 1.4058152 | AE5: 1.3995279
A6: 943 | B6: 2.6855993 | C6: 7.2203045 | D6: 4.3800888 | E6: 2.5453446 | F6: -0.058996599 | G6: 0.44622865 | H6: 2.4931877 | I6: 2.9933348 | J6: 0.80067146 | K6: 1.0843818 | L6: 0.20187385 | M6: -0.17814347 | N6: 0.15080893 | O6: 3.2735837 | P6: 0.70582134 | Q6: 2.0638537 | R6: 0.51606137 | S6: 1.9380571 | T6: 0.90710336 | U6: 2.2233441 | V6: 0.24108115 | W6: 0.32850799 | X6: 1.8560666 | Y6: 1.3025919 | Z6: 0.84891397 | AA6: 1.9088168 | AB6: 0.42496225 | AC6: 0.33316776 | AD6: 1.2783974 | AE6: 1.1199917
A7: 945 | B7: 2.9377389 | C7: 7.3741541 | D7: 4.6861424 | E7: 2.5560014 | F7: -0.089733168 | G7: 0.39275041 | H7: 2.4577031 | I7: 3.1548512 | J7: 1.1598384 | K7: 1.223812 | L7: 0.55690432 | M7: 0.067606136 | N7: 0.2094796 | O7: 3.6523314 | P7: 0.73119152 | Q7: 2.3581576 | R7: 0.5893206 | S7: 1.8862935 | T7: 1.136047 | U7: 2.6998405 | V7: 0.34061024 | W7: 0.59053874 | X7: 1.9398099 | Y7: 1.7477318 | Z7: 1.1625649 | AA7: 2.0895593 | AB7: 0.76908249 | AC7: 0.58349872 | AD7: 1.7015259 | AE7: 1.0957993
A8: 947 | B8: 2.9586208 | C8: 7.8360486 | D8: 5.2804904 | E8: 2.4553752 | F8: 0.056507044 | G8: 0.22206984 | H8: 2.3916864 | I8: 3.2225018 | J8: 1.3071985 | K8: 1.4214568 | L8: 0.46946064 | M8: 0.044177938 | N8: 0.18966594 | O8: 3.9654899 | P8: 1.1218902 | Q8: 2.7231514 | R8: 0.70429754 | S8: 2.1233175 | T8: 1.2616427 | U8: 2.90487 | V8: 0.17261255 | W8: 0.67191708 | X8: 2.2293634 | Y8: 1.7174294 | Z8: 1.38594 | AA8: 2.4192743 | AB8: 0.8780911 | AC8: 0.84546626 | AD8: 2.0375404 | AE8: 1.1596341
A9: 949 | B9: 3.2540698 | C9: 8.0823975 | D9: 4.9063792 | E9: 2.7009358 | F9: 0.20787528 | G9: 0.23572747 | H9: 2.8060114 | I9: 3.4472408 | J9: 1.5656316 | K9: 1.6569039 | L9: 0.31536916 | M9: -0.076369457 | N9: 0.23001094 | O9: 4.3898439 | P9: 1.474517 | Q9: 2.9872479 | R9: 0.96070945 | S9: 2.3206987 | T9: 1.5434458 | U9: 3.1508825 | V9: 0.37440389 | W9: 0.81924903 | X9: 2.4586847 | Y9: 1.8743645 | Z9: 1.4007158 | AA9: 2.697758 | AB9: 0.7054283 | AC9: 1.0149394 | AD9: 1.8849262 | AE9: 1.1872969
A10: 951 | B10: 3.3840914 | C10: 8.5601759 | D10: 5.3150706 | E10: 3.0112643 | F10: 0.30113852 | G10: 0.26123938 | H10: 2.9546084 | I10: 3.8906393 | J10: 1.8644164 | K10: 1.7927125 | L10: 0.37285486 | M10: -0.052398965 | N10: 0.13922411 | O10: 4.636847 | P10: 1.7857577 | Q10: 3.20419 | R10: 0.93219197 | S10: 2.4007895 | T10: 1.6241342 | U10: 3.4184911 | V10: 0.63568074 | W10: 0.67079282 | X10: 2.7135289 | Y10: 2.038523 | Z10: 1.3783923 | AA10: 2.8660774 | AB10: 0.72142392 | AC10: 1.2867079 | AD10: 1.8596885 | AE10: 1.3536012
A11: 953 | B11: 3.6089163 | C11: 8.8581848 | D11: 5.8759799 | E11: 3.0141373 | F11: 0.59027559 | G11: 0.075777419 | H11: 3.0184059 | I11: 4.1690021 | J11: 2.0992007 | K11: 2.0806384 | L11: 0.39592892 | M11: 0.015619696 | N11: 0.18983671 | O11: 4.6263661 | P11: 2.0020156 | Q11: 3.1737952 | R11: 0.92915535 | S11: 2.4893529 | T11: 1.7184173 | U11: 3.4919581 | V11: 0.7591123 | W11: 0.68362033 | X11: 2.7158005 | Y11: 1.9523327 | Z11: 1.5308752 | AA11: 2.8029938 | AB11: 0.70894557 | AC11: 1.5012188 | AD11: 2.0732193 | AE11: 1.5757469
A12: 955 | B12: 3.7813416 | C12: 8.8986263 | D12: 6.0910687 | E12: 3.114994 | F12: 0.68210185 | G12: 0.16898504 | H12: 2.8925674 | I12: 4.2690887 | J12: 2.1204133 | K12: 2.2143264 | L12: 0.43380997 | M12: 0.0273785 | N12: 0.13393618 | O12: 4.5959492 | P12: 1.9798422 | Q12: 3.0618103 | R12: 0.96766192 | S12: 2.6316681 | T12: 1.7879884 | U12: 3.6265302 | V12: 0.6876626 | W12: 0.92329043 | X12: 2.5603549 | Y12: 1.9524658 | Z12: 1.5143057 | AA12: 2.8438027 | AB12: 1.0736123 | AC12: 1.6647595 | AD12: 2.2184148 | AE12: 1.5726734
A13: 957 | B13: 3.8317428 | C13: 8.8883915 | D13: 6.4589934 | E13: 3.1737599 | F13: 0.67634749 | G13: 0.19481549 | H13: 2.5563831 | I13: 4.1666012 | J13: 2.2533381 | K13: 2.1868391 | L13: 0.56982958 | M13: 0.043666992 | N13: 0.12487529 | O13: 4.8256712 | P13: 1.8197519 | Q13: 2.9267535 | R13: 1.078501 | S13: 2.6667991 | T13: 1.9123849 | U13: 3.7136948 | V13: 0.55724216 | W13: 0.90148407 | X13: 2.6435075 | Y13: 2.0131824 | Z13: 1.4788662 | AA13: 2.8978939 | AB13: 1.2221167 | AC13: 1.4371066 | AD13: 2.3180292 | AE13: 1.4511578
... A589: 2995 | B589: -4.7486124 | C589: -4.5379 | D589: 3.1717672 | E589: 3.7241719 | F589: -0.5467028 | G589: -1.0588714 | H589: 4.6362429 | I589: 0.77048349 | J589: -3.3599389 | K589: 0.45681483 | L589: 1.6927073 | M589: -0.96178186 | N589: 0.92159766 | O589: 2.4752584 | P589: -4.4430823 | Q589: 0.28145224 | R589: -3.976192 | S589: -4.2326517 | T589: 2.922534 | U589: 1.6312716 | V589: -2.7442911 | W589: 5.8093071 | X589: -0.58549964 | Y589: 0.50331926 | Z589: 3.5068412 | AA589: 1.3395507 | AB589: 1.4090959 | AC589: -0.39219135 | AD589: 2.0312178 | AE589: 1.9027189

Sheet Normalized
A1: =Raw!A1 -> X value [cmâ»Â¹] | B1: =Raw!B1 -> IR Spectrum 4/O-PTIR (mV) [] | C1: =Raw!C1 -> IR Spectrum 5/O-PTIR (mV) [] | D1: =Raw!D1 -> IR Spectrum 6/O-PTIR (mV) [] | E1: =Raw!E1 -> IR Spectrum 7/O-PTIR (mV) [] | F1: =Raw!F1 -> IR Spectrum 8/O-PTIR (mV) [] | G1: =Raw!G1 -> IR Spectrum 9/O-PTIR (mV) [] | H1: =Raw!H1 -> IR Spectrum 10/O-PTIR (mV) [] | ... AE1: =Raw!AE1 -> IR Spectrum 33/O-PTIR (mV) []
A2: =Raw!A2 -> 935 | B2: =Raw!B2/Raw!B$261 -> 0.26819212 | C2: =Raw!C2/Raw!C$261 -> 0.56619842 | D2: =Raw!D2/Raw!D$261 -> 0.24173064 | E2: =Raw!E2/Raw!E$261 -> 0.38891761 | F2: =Raw!F2/Raw!F$261 -> -1.3543513 | G2: =Raw!G2/Raw!G$261 -> -0.09799806 | H2: =Raw!H2/Raw!H$261 -> 0.07331932 | I2: =Raw!I2/Raw!I$261 -> 0.12621654 | ... AE2: =Raw!AE2/Raw!AE$261 -> 0.2785895
A3: =Raw!A3 -> 937 | B3: =Raw!B3/Raw!B$261 -> 0.064263216 | C3: =Raw!C3/Raw!C$261 -> 0.6322886 | D3: =Raw!D3/Raw!D$261 -> 0.2389462 | E3: =Raw!E3/Raw!E$261 -> 0.17311389 | F3: =Raw!F3/Raw!F$261 -> -0.32893788 | G3: =Raw!G3/Raw!G$261 -> 0.22732712 | H3: =Raw!H3/Raw!H$261 -> 0.056099708 | I3: =Raw!I3/Raw!I$261 -> 0.18323508 | ... AE3: =Raw!AE3/Raw!AE$261 -> 0.56800849
A4: =Raw!A4 -> 939 | B4: =Raw!B4/Raw!B$261 -> 0.42840963 | C4: =Raw!C4/Raw!C$261 -> 0.78259964 | D4: =Raw!D4/Raw!D$261 -> 0.32708994 | E4: =Raw!E4/Raw!E$261 -> 0.26385613 | F4: =Raw!F4/Raw!F$261 -> -0.20678782 | G4: =Raw!G4/Raw!G$261 -> 0.077592976 | H4: =Raw!H4/Raw!H$261 -> 0.12636008 | I4: =Raw!I4/Raw!I$261 -> 0.20579202 | ... AE4: =Raw!AE4/Raw!AE$261 -> 0.46212279
A5: =Raw!A5 -> 941 | B5: =Raw!B5/Raw!B$261 -> 0.62261057 | C5: =Raw!C5/Raw!C$261 -> 0.93270514 | D5: =Raw!D5/Raw!D$261 -> 0.34366336 | E5: =Raw!E5/Raw!E$261 -> 0.37723985 | F5: =Raw!F5/Raw!F$261 -> -0.10612958 | G5: =Raw!G5/Raw!G$261 -> 0.1075538 | H5: =Raw!H5/Raw!H$261 -> 0.16653052 | I5: =Raw!I5/Raw!I$261 -> 0.29138058 | ... AE5: =Raw!AE5/Raw!AE$261 -> 0.45307828
A6: =Raw!A6 -> 943 | B6: =Raw!B6/Raw!B$261 -> 0.8114418 | C6: =Raw!C6/Raw!C$261 -> 0.94829596 | D6: =Raw!D6/Raw!D$261 -> 0.33650886 | E6: =Raw!E6/Raw!E$261 -> 0.48025087 | F6: =Raw!F6/Raw!F$261 -> -0.046779396 | G6: =Raw!G6/Raw!G$261 -> 0.14315202 | H6: =Raw!H6/Raw!H$261 -> 0.1762072 | I6: =Raw!I6/Raw!I$261 -> 0.33892061 | ... AE6: =Raw!AE6/Raw!AE$261 -> 0.36258219
A7: =Raw!A7 -> 945 | B7: =Raw!B7/Raw!B$261 -> 0.88762464 | C7: =Raw!C7/Raw!C$261 -> 0.96850217 | D7: =Raw!D7/Raw!D$261 -> 0.36002203 | E7: =Raw!E7/Raw!E$261 -> 0.48226158 | F7: =Raw!F7/Raw!F$261 -> -0.071150939 | G7: =Raw!G7/Raw!G$261 -> 0.12599598 | H7: =Raw!H7/Raw!H$261 -> 0.17369932 | I7: =Raw!I7/Raw!I$261 -> 0.35720832 | ... AE7: =Raw!AE7/Raw!AE$261 -> 0.35475025
A8: =Raw!A8 -> 947 | B8: =Raw!B8/Raw!B$261 -> 0.89393401 | C8: =Raw!C8/Raw!C$261 -> 1.0291662 | D8: =Raw!D8/Raw!D$261 -> 0.40568397 | E8: =Raw!E8/Raw!E$261 -> 0.46327561 | F8: =Raw!F8/Raw!F$261 -> 0.044805385 | G8: =Raw!G8/Raw!G$261 -> 0.071240936 | H8: =Raw!H8/Raw!H$261 -> 0.16903356 | I8: =Raw!I8/Raw!I$261 -> 0.36486806 | ... AE8: =Raw!AE8/Raw!AE$261 -> 0.3754159
A9: =Raw!A9 -> 949 | B9: =Raw!B9/Raw!B$261 -> 0.9832026 | C9: =Raw!C9/Raw!C$261 -> 1.061521 | D9: =Raw!D9/Raw!D$261 -> 0.37694215 | E9: =Raw!E9/Raw!E$261 -> 0.50960754 | F9: =Raw!F9/Raw!F$261 -> 0.16482781 | G9: =Raw!G9/Raw!G$261 -> 0.075622361 | H9: =Raw!H9/Raw!H$261 -> 0.19831617 | I9: =Raw!I9/Raw!I$261 -> 0.39031416 | ... AE9: =Raw!AE9/Raw!AE$261 -> 0.38437134
A10: =Raw!A10 -> 951 | B10: =Raw!B10/Raw!B$261 -> 1.022488 | C10: =Raw!C10/Raw!C$261 -> 1.1242712 | D10: =Raw!D10/Raw!D$261 -> 0.40834066 | E10: =Raw!E10/Raw!E$261 -> 0.56815974 | F10: =Raw!F10/Raw!F$261 -> 0.2387778 | G10: =Raw!G10/Raw!G$261 -> 0.083806687 | H10: =Raw!H10/Raw!H$261 -> 0.20881833 | I10: =Raw!I10/Raw!I$261 -> 0.440518 | ... AE10: =Raw!AE10/Raw!AE$261 -> 0.43821013
A11: =Raw!A11 -> 953 | B11: =Raw!B11/Raw!B$261 -> 1.0904179 | C11: =Raw!C11/Raw!C$261 -> 1.1634109 | D11: =Raw!D11/Raw!D$261 -> 0.45143361 | E11: =Raw!E11/Raw!E$261 -> 0.5687018 | F11: =Raw!F11/Raw!F$261 -> 0.46803944 | G11: =Raw!G11/Raw!G$261 -> 0.024309713 | H11: =Raw!H11/Raw!H$261 -> 0.21332725 | I11: =Raw!I11/Raw!I$261 -> 0.47203565 | ... AE11: =Raw!AE11/Raw!AE$261 -> 0.5101268
A12: =Raw!A12 -> 955 | B12: =Raw!B12/Raw!B$261 -> 1.1425154 | C12: =Raw!C12/Raw!C$261 -> 1.1687224 | D12: =Raw!D12/Raw!D$261 -> 0.46795823 | E12: =Raw!E12/Raw!E$261 -> 0.58773127 | F12: =Raw!F12/Raw!F$261 -> 0.54085003 | G12: =Raw!G12/Raw!G$261 -> 0.054211108 | H12: =Raw!H12/Raw!H$261 -> 0.20443355 | I12: =Raw!I12/Raw!I$261 -> 0.48336797 | ... AE12: =Raw!AE12/Raw!AE$261 -> 0.50913181
A13: =Raw!A13 -> 957 | B13: =Raw!B13/Raw!B$261 -> 1.1577439 | C13: =Raw!C13/Raw!C$261 -> 1.1673782 | D13: =Raw!D13/Raw!D$261 -> 0.49622476 | E13: =Raw!E13/Raw!E$261 -> 0.59881911 | F13: =Raw!F13/Raw!F$261 -> 0.5362873 | G13: =Raw!G13/Raw!G$261 -> 0.062497624 | H13: =Raw!H13/Raw!H$261 -> 0.18067357 | I13: =Raw!I13/Raw!I$261 -> 0.47176381 | ... AE13: =Raw!AE13/Raw!AE$261 -> 0.46979276
... A589: =Raw!A589 -> 2995 | B589: =Raw!B589/Raw!B$261 -> -1.434772 | C589: =Raw!C589/Raw!C$261 -> -0.59599595 | D589: =Raw!D589/Raw!D$261 -> 0.2436772 | E589: =Raw!E589/Raw!E$261 -> 0.7026698 | F589: =Raw!F589/Raw!F$261 -> -0.43348985 | G589: =Raw!G589/Raw!G$261 -> -0.33969038 | H589: =Raw!H589/Raw!H$261 -> 0.32766863 | I589: =Raw!I589/Raw!I$261 -> 0.087238065 | ... AE589: =Raw!AE589/Raw!AE$261 -> 0.61597958

Sheet Plot
A1: =Normalized!A1 -> X value [cmâ»Â¹] | B1: =Normalized!B1 -> IR Spectrum 4/O-PTIR (mV) [] | C1: =Normalized!C1 -> IR Spectrum 5/O-PTIR (mV) [] | D1: =Normalized!D1 -> IR Spectrum 6/O-PTIR (mV) [] | E1: =Normalized!E1 -> IR Spectrum 7/O-PTIR (mV) [] | F1: =Normalized!F1 -> IR Spectrum 8/O-PTIR (mV) [] | G1: =Normalized!G1 -> IR Spectrum 9/O-PTIR (mV) [] | H1: =Normalized!H1 -> IR Spectrum 10/O-PTIR (mV) [] | ... AE1: =Normalized!AE1 -> IR Spectrum 33/O-PTIR (mV) []
A2: =Normalized!A2 -> 935 | B2: =Normalized!B2+Plot!AH$4 -> 2.2681921 | C2: =Normalized!C2+Plot!AI$4 -> 4.5661984 | D2: =Normalized!D2+Plot!AJ$4 -> 6.2417306 | E2: =Normalized!E2+Plot!AK$4 -> 8.3889176 | F2: =Normalized!F2+Plot!AL$4 -> 8.6456487 | G2: =Normalized!G2+Plot!AM$4 -> 11.902002 | H2: =Normalized!H2+Plot!AN$4 -> 14.073319 | I2: =Normalized!I2+Plot!AO$4 -> 16.126217 | ... AE2: =Normalized!AE2+Plot!BK$4 -> 60.27859
A3: =Normalized!A3 -> 937 | B3: =Normalized!B3+Plot!AH$4 -> 2.0642632 | C3: =Normalized!C3+Plot!AI$4 -> 4.6322886 | D3: =Normalized!D3+Plot!AJ$4 -> 6.2389462 | E3: =Normalized!E3+Plot!AK$4 -> 8.1731139 | F3: =Normalized!F3+Plot!AL$4 -> 9.6710621 | G3: =Normalized!G3+Plot!AM$4 -> 12.227327 | H3: =Normalized!H3+Plot!AN$4 -> 14.0561 | I3: =Normalized!I3+Plot!AO$4 -> 16.183235 | ... AE3: =Normalized!AE3+Plot!BK$4 -> 60.568008
A4: =Normalized!A4 -> 939 | B4: =Normalized!B4+Plot!AH$4 -> 2.4284096 | C4: =Normalized!C4+Plot!AI$4 -> 4.7825996 | D4: =Normalized!D4+Plot!AJ$4 -> 6.3270899 | E4: =Normalized!E4+Plot!AK$4 -> 8.2638561 | F4: =Normalized!F4+Plot!AL$4 -> 9.7932122 | G4: =Normalized!G4+Plot!AM$4 -> 12.077593 | H4: =Normalized!H4+Plot!AN$4 -> 14.12636 | I4: =Normalized!I4+Plot!AO$4 -> 16.205792 | ... AE4: =Normalized!AE4+Plot!BK$4 -> 60.462123 | AG4: Shift | AH4: 2 | AI4: 4 | AJ4: 6 | AK4: 8 | AL4: 10 | AM4: 12 | AN4: 14 | AO4: 16 | AP4: 18 | AQ4: 20 | AR4: 22 | AS4: 24 | AT4: 26 | AU4: 28 | AV4: 30 | AW4: 32 | AX4: 34 | AY4: 36 | AZ4: 38 | BA4: 40 | BB4: 42 | BC4: 44 | BD4: 46 | BE4: 48 | BF4: 50 | BG4: 52 | BH4: 54 | BI4: 56 | BJ4: 58 | BK4: 60
A5: =Normalized!A5 -> 941 | B5: =Normalized!B5+Plot!AH$4 -> 2.6226106 | C5: =Normalized!C5+Plot!AI$4 -> 4.9327051 | D5: =Normalized!D5+Plot!AJ$4 -> 6.3436634 | E5: =Normalized!E5+Plot!AK$4 -> 8.3772399 | F5: =Normalized!F5+Plot!AL$4 -> 9.8938704 | G5: =Normalized!G5+Plot!AM$4 -> 12.107554 | H5: =Normalized!H5+Plot!AN$4 -> 14.166531 | I5: =Normalized!I5+Plot!AO$4 -> 16.291381 | ... AE5: =Normalized!AE5+Plot!BK$4 -> 60.453078
A6: =Normalized!A6 -> 943 | B6: =Normalized!B6+Plot!AH$4 -> 2.8114418 | C6: =Normalized!C6+Plot!AI$4 -> 4.948296 | D6: =Normalized!D6+Plot!AJ$4 -> 6.3365089 | E6: =Normalized!E6+Plot!AK$4 -> 8.4802509 | F6: =Normalized!F6+Plot!AL$4 -> 9.9532206 | G6: =Normalized!G6+Plot!AM$4 -> 12.143152 | H6: =Normalized!H6+Plot!AN$4 -> 14.176207 | I6: =Normalized!I6+Plot!AO$4 -> 16.338921 | ... AE6: =Normalized!AE6+Plot!BK$4 -> 60.362582
A7: =Normalized!A7 -> 945 | B7: =Normalized!B7+Plot!AH$4 -> 2.8876246 | C7: =Normalized!C7+Plot!AI$4 -> 4.9685022 | D7: =Normalized!D7+Plot!AJ$4 -> 6.360022 | E7: =Normalized!E7+Plot!AK$4 -> 8.4822616 | F7: =Normalized!F7+Plot!AL$4 -> 9.9288491 | G7: =Normalized!G7+Plot!AM$4 -> 12.125996 | H7: =Normalized!H7+Plot!AN$4 -> 14.173699 | I7: =Normalized!I7+Plot!AO$4 -> 16.357208 | ... AE7: =Normalized!AE7+Plot!BK$4 -> 60.35475
A8: =Normalized!A8 -> 947 | B8: =Normalized!B8+Plot!AH$4 -> 2.893934 | C8: =Normalized!C8+Plot!AI$4 -> 5.0291662 | D8: =Normalized!D8+Plot!AJ$4 -> 6.405684 | E8: =Normalized!E8+Plot!AK$4 -> 8.4632756 | F8: =Normalized!F8+Plot!AL$4 -> 10.044805 | G8: =Normalized!G8+Plot!AM$4 -> 12.071241 | H8: =Normalized!H8+Plot!AN$4 -> 14.169034 | I8: =Normalized!I8+Plot!AO$4 -> 16.364868 | ... AE8: =Normalized!AE8+Plot!BK$4 -> 60.375416
A9: =Normalized!A9 -> 949 | B9: =Normalized!B9+Plot!AH$4 -> 2.9832026 | C9: =Normalized!C9+Plot!AI$4 -> 5.061521 | D9: =Normalized!D9+Plot!AJ$4 -> 6.3769421 | E9: =Normalized!E9+Plot!AK$4 -> 8.5096075 | F9: =Normalized!F9+Plot!AL$4 -> 10.164828 | G9: =Normalized!G9+Plot!AM$4 -> 12.075622 | H9: =Normalized!H9+Plot!AN$4 -> 14.198316 | I9: =Normalized!I9+Plot!AO$4 -> 16.390314 | ... AE9: =Normalized!AE9+Plot!BK$4 -> 60.384371
A10: =Normalized!A10 -> 951 | B10: =Normalized!B10+Plot!AH$4 -> 3.022488 | C10: =Normalized!C10+Plot!AI$4 -> 5.1242712 | D10: =Normalized!D10+Plot!AJ$4 -> 6.4083407 | E10: =Normalized!E10+Plot!AK$4 -> 8.5681597 | F10: =Normalized!F10+Plot!AL$4 -> 10.238778 | G10: =Normalized!G10+Plot!AM$4 -> 12.083807 | H10: =Normalized!H10+Plot!AN$4 -> 14.208818 | I10: =Normalized!I10+Plot!AO$4 -> 16.440518 | ... AE10: =Normalized!AE10+Plot!BK$4 -> 60.43821
A11: =Normalized!A11 -> 953 | B11: =Normalized!B11+Plot!AH$4 -> 3.0904179 | C11: =Normalized!C11+Plot!AI$4 -> 5.1634109 | D11: =Normalized!D11+Plot!AJ$4 -> 6.4514336 | E11: =Normalized!E11+Plot!AK$4 -> 8.5687018 | F11: =Normalized!F11+Plot!AL$4 -> 10.468039 | G11: =Normalized!G11+Plot!AM$4 -> 12.02431 | H11: =Normalized!H11+Plot!AN$4 -> 14.213327 | I11: =Normalized!I11+Plot!AO$4 -> 16.472036 | ... AE11: =Normalized!AE11+Plot!BK$4 -> 60.510127
A12: =Normalized!A12 -> 955 | B12: =Normalized!B12+Plot!AH$4 -> 3.1425154 | C12: =Normalized!C12+Plot!AI$4 -> 5.1687224 | D12: =Normalized!D12+Plot!AJ$4 -> 6.4679582 | E12: =Normalized!E12+Plot!AK$4 -> 8.5877313 | F12: =Normalized!F12+Plot!AL$4 -> 10.54085 | G12: =Normalized!G12+Plot!AM$4 -> 12.054211 | H12: =Normalized!H12+Plot!AN$4 -> 14.204434 | I12: =Normalized!I12+Plot!AO$4 -> 16.483368 | ... AE12: =Normalized!AE12+Plot!BK$4 -> 60.509132
A13: =Normalized!A13 -> 957 | B13: =Normalized!B13+Plot!AH$4 -> 3.1577439 | C13: =Normalized!C13+Plot!AI$4 -> 5.1673782 | D13: =Normalized!D13+Plot!AJ$4 -> 6.4962248 | E13: =Normalized!E13+Plot!AK$4 -> 8.5988191 | F13: =Normalized!F13+Plot!AL$4 -> 10.536287 | G13: =Normalized!G13+Plot!AM$4 -> 12.062498 | H13: =Normalized!H13+Plot!AN$4 -> 14.180674 | I13: =Normalized!I13+Plot!AO$4 -> 16.471764 | ... AE13: =Normalized!AE13+Plot!BK$4 -> 60.469793
A14: =Normalized!A14 -> 959 | B14: =Normalized!B14+Plot!AH$4 -> 3.2030552 | C14: =Normalized!C14+Plot!AI$4 -> 5.1435986 | D14: =Normalized!D14+Plot!AJ$4 -> 6.5305431 | E14: =Normalized!E14+Plot!AK$4 -> 8.5818786 | F14: =Normalized!F14+Plot!AL$4 -> 10.482533 | G14: =Normalized!G14+Plot!AM$4 -> 12.061265 | H14: =Normalized!H14+Plot!AN$4 -> 14.158842 | I14: =Normalized!I14+Plot!AO$4 -> 16.447487 | ... AE14: =Normalized!AE14+Plot!BK$4 -> 60.474151
A15: =Normalized!A15 -> 961 | B15: =Normalized!B15+Plot!AH$4 -> 3.2833432 | C15: =Normalized!C15+Plot!AI$4 -> 5.1227214 | D15: =Normalized!D15+Plot!AJ$4 -> 6.5623074 | E15: =Normalized!E15+Plot!AK$4 -> 8.5872451 | F15: =Normalized!F15+Plot!AL$4 -> 10.491886 | G15: =Normalized!G15+Plot!AM$4 -> 12.049993 | H15: =Normalized!H15+Plot!AN$4 -> 14.147457 | I15: =Normalized!I15+Plot!AO$4 -> 16.428798 | ... AE15: =Normalized!AE15+Plot!BK$4 -> 60.520224
A16: =Normalized!A16 -> 963 | B16: =Normalized!B16+Plot!AH$4 -> 3.3242274 | C16: =Normalized!C16+Plot!AI$4 -> 5.1559264 | D16: =Normalized!D16+Plot!AJ$4 -> 6.5889178 | E16: =Normalized!E16+Plot!AK$4 -> 8.5894848 | F16: =Normalized!F16+Plot!AL$4 -> 10.542345 | G16: =Normalized!G16+Plot!AM$4 -> 12.033814 | H16: =Normalized!H16+Plot!AN$4 -> 14.140992 | I16: =Normalized!I16+Plot!AO$4 -> 16.421132 | ... AE16: =Normalized!AE16+Plot!BK$4 -> 60.473941
... A589: =Normalized!A589 -> 2995 | B589: =Normalized!B589+Plot!AH$4 -> 0.56522805 | C589: =Normalized!C589+Plot!AI$4 -> 3.4040041 | D589: =Normalized!D589+Plot!AJ$4 -> 6.2436772 | E589: =Normalized!E589+Plot!AK$4 -> 8.7026698 | F589: =Normalized!F589+Plot!AL$4 -> 9.5665102 | G589: =Normalized!G589+Plot!AM$4 -> 11.66031 | H589: =Normalized!H589+Plot!AN$4 -> 14.327669 | I589: =Normalized!I589+Plot!AO$4 -> 16.087238 | ... AE589: =Normalized!AE589+Plot!BK$4 -> 60.61598
