Workbook

Sheet Description
A2: Summary
A3: OPTIR Point analysis of 1% Se-PS-NPs, 0.1 ppm D.magna slice
A4: 1- Raw data in "Raw"
A5: 2- "Normalization" to peak 1453 cm-1
A6: 3- "plot" add shifts for clarity

Sheet Raw
A1: X value [cmâ»Â¹] | B1: S1_z/O-PTIR (mV) [] | C1: S2_z/O-PTIR (mV) [] | D1: S3_z/O-PTIR (mV) [] | E1: S4_z/O-PTIR (mV) [] | F1: S5_z/O-PTIR (mV) [] | G1: S6_z/O-PTIR (mV) [] | H1: S7_z/O-PTIR (mV) [] | I1: S8_z/O-PTIR (mV) [] | J1: S9_z/O-PTIR (mV) [] | K1: S10_z/O-PTIR (mV) [] | L1: S11_z/O-PTIR (mV) [] | M1: S12_z/O-PTIR (mV) [] | N1: S13_z/O-PTIR (mV) [] | O1: S14_z/O-PTIR (mV) [] | P1: S15_z/O-PTIR (mV) [] | Q1: S16_z/O-PTIR (mV) [] | R1: S17_z/O-PTIR (mV) [] | S1: S18_z/O-PTIR (mV) [] | T1: S19_z/O-PTIR (mV) [] | U1: S20_z/O-PTIR (mV) [] | V1: S21_z/O-PTIR (mV) [] | W1: S22_z/O-PTIR (mV) [] | X1: S23_z_o_faint/O-PTIR (mV) [] | Y1: S24_z/O-PTIR (mV) [] | Z1: S25_z/O-PTIR (mV) [] | AA1: S26_z/O-PTIR (mV) [] | AB1: S27_z/O-PTIR (mV) [] | AC1: S28_z/O-PTIR (mV) [] | AD1: S29_z_o_faint/O-PTIR (mV) [] | AE1: S30_z_o_faint/O-PTIR (mV) []
A2: 935 | B2: 0.41736704 | C2: -0.6774779 | D2: -0.87955511 | E2: -0.24409431 | F2: 0.24842966 | G2: 1.127667 | H2: 0.67967516 | I2: 1.0150317 | J2: -0.49637413 | K2: -0.27681896 | L2: 0.69503862 | M2: 0.01466769 | N2: 0.50309187 | O2: 1.0595732 | P2: -1.1473936 | Q2: 0.64503062 | R2: 0.61731738 | S2: -0.26328182 | T2: -0.35752389 | U2: -0.49240026 | V2: -0.48259935 | W2: -0.45226234 | X2: 0.026148766 | Y2: 1.6086808 | Z2: -0.21429838 | AA2: -1.058987 | AB2: 0.38268206 | AC2: -0.83583719 | AD2: -0.86273336 | AE2: 0.30042475
A3: 937 | B3: 1.0981516 | C3: -0.17729504 | D3: -0.36497784 | E3: 0.46799424 | F3: 0.35366493 | G3: 1.542708 | H3: 0.46046185 | I3: 0.90603369 | J3: 0.0056438656 | K3: 0.45375127 | L3: -0.036566161 | M3: 0.69217563 | N3: 0.46461278 | O3: 0.89998847 | P3: -1.0896349 | Q3: 0.40557992 | R3: 0.44515717 | S3: -0.19479659 | T3: 1.2895179 | U3: 0.16410488 | V3: -0.37976572 | W3: 0.33725476 | X3: 0.3151156 | Y3: 0.89533097 | Z3: 0.12565015 | AA3: -0.32917333 | AB3: 0.82605433 | AC3: -0.79205894 | AD3: -0.85588008 | AE3: 0.49406812
A4: 939 | B4: 1.9171544 | C4: 0.26513281 | D4: -0.24574296 | E4: 0.088712245 | F4: 0.59478873 | G4: 1.4037445 | H4: 0.27693897 | I4: 1.5867633 | J4: -0.6267463 | K4: 1.6850749 | L4: 0.48077273 | M4: 0.61437047 | N4: 0.60893184 | O4: 0.66926014 | P4: -0.52116781 | Q4: 0.31883097 | R4: 0.10531557 | S4: -0.086055778 | T4: 2.3561935 | U4: -0.083007276 | V4: -0.14576764 | W4: 0.70075536 | X4: 0.46035367 | Y4: 0.20513511 | Z4: 0.0035916797 | AA4: -0.46369761 | AB4: 2.0087142 | AC4: -0.65830278 | AD4: -0.42256606 | AE4: 0.80501062
A5: 941 | B5: 2.1819992 | C5: 1.0745575 | D5: 0.14240842 | E5: 0.087405965 | F5: 1.4871674 | G5: 1.5498825 | H5: 0.1481321 | I5: 2.2718036 | J5: -0.49587607 | K5: 2.4201205 | L5: 1.1158068 | M5: 0.70883054 | N5: 0.52159584 | O5: 0.60947168 | P5: -0.18980633 | Q5: 0.48126301 | R5: 0.1767388 | S5: 0.47650173 | T5: 2.8275871 | U5: -0.081326216 | V5: 0.20030813 | W5: 1.2604836 | X5: 0.44728351 | Y5: 0.18148622 | Z5: 0.24017434 | AA5: 0.053131122 | AB5: 2.9066186 | AC5: -0.35455531 | AD5: 0.21531446 | AE5: 1.0206649
A6: 943 | B6: 2.6308379 | C6: 1.7307703 | D6: 0.62656945 | E6: 0.057467319 | F6: 1.8635348 | G6: 1.7264186 | H6: 0.41492793 | I6: 2.4469483 | J6: -0.37914032 | K6: 2.7078269 | L6: 1.5796611 | M6: 0.9404484 | N6: 0.32180503 | O6: 0.49680138 | P6: -0.097581089 | Q6: 0.53524685 | R6: 0.61056679 | S6: 1.1431774 | T6: 3.0191431 | U6: -0.1518175 | V6: 0.18717994 | W6: 1.5458179 | X6: 0.50127006 | Y6: 0.39239979 | Z6: 0.51751691 | AA6: 0.19739784 | AB6: 3.4069877 | AC6: 0.26349944 | AD6: 0.6991145 | AE6: 0.86932373
A7: 945 | B7: 2.7387571 | C7: 2.1296647 | D7: 0.8493011 | E7: 0.1170856 | F7: 2.1847548 | G7: 1.8773396 | H7: 0.081762344 | I7: 2.5286982 | J7: -0.21489562 | K7: 3.0838065 | L7: 1.6227319 | M7: 0.94626749 | N7: 0.35672083 | O7: 0.49988589 | P7: 0.25769314 | Q7: 0.90274507 | R7: 0.66782254 | S7: 1.176731 | T7: 3.6970043 | U7: -0.056573089 | V7: 0.42674482 | W7: 2.2250381 | X7: 0.29707813 | Y7: 0.52993751 | Z7: 0.62342119 | AA7: 0.43054736 | AB7: 3.786103 | AC7: 0.31436133 | AD7: 0.91537714 | AE7: 1.2665092
A8: 947 | B8: 2.9917014 | C8: 2.2762136 | D8: 1.098187 | E8: 0.38597888 | F8: 2.4124944 | G8: 1.9377674 | H8: -0.096862026 | I8: 2.695966 | J8: -0.17523892 | K8: 3.279145 | L8: 1.7675903 | M8: 0.90836769 | N8: 0.54572827 | O8: 0.42190123 | P8: 0.24668503 | Q8: 0.773368 | R8: 0.57032788 | S8: 1.4465426 | T8: 3.9211469 | U8: 0.19923474 | V8: 0.5925253 | W8: 2.5886631 | X8: 0.59542495 | Y8: 0.62621731 | Z8: 0.64319795 | AA8: 0.55976713 | AB8: 3.7121673 | AC8: 0.38187635 | AD8: 0.76612866 | AE8: 1.5080063
A9: 949 | B9: 3.2428572 | C9: 2.3567097 | D9: 1.0640073 | E9: 0.52022779 | F9: 2.7978587 | G9: 2.084856 | H9: 0.068022847 | I9: 2.4357429 | J9: -0.041115385 | K9: 3.3829119 | L9: 1.6409447 | M9: 1.0146557 | N9: 0.79295409 | O9: 0.24706197 | P9: 0.35833576 | Q9: 0.77622104 | R9: 0.5881657 | S9: 1.5227942 | T9: 4.1056647 | U9: 0.3714774 | V9: 0.84616166 | W9: 3.0239522 | X9: 0.67596459 | Y9: 0.64249766 | Z9: 0.85092181 | AA9: 0.64536577 | AB9: 3.7639823 | AC9: 0.7231496 | AD9: 0.79004914 | AE9: 1.7678237
A10: 951 | B10: 3.4027503 | C10: 2.5397036 | D10: 1.0534369 | E10: 0.3986477 | F10: 2.9824674 | G10: 2.164283 | H10: 0.063863203 | I10: 2.6638124 | J10: 0.20043303 | K10: 3.7272916 | L10: 2.0717733 | M10: 1.086452 | N10: 0.92646235 | O10: 0.35621256 | P10: 0.45408198 | Q10: 0.92125368 | R10: 0.75664198 | S10: 1.7179101 | T10: 4.3351107 | U10: 0.54272395 | V10: 1.0397342 | W10: 3.3464622 | X10: 0.70709056 | Y10: 0.68581587 | Z10: 1.0892611 | AA10: 0.90209734 | AB10: 4.0618238 | AC10: 1.0049171 | AD10: 0.74878377 | AE10: 1.8712852
A11: 953 | B11: 3.7707152 | C11: 2.7585645 | D11: 1.3701527 | E11: 0.61673737 | F11: 2.9474959 | G11: 2.331259 | H11: 0.14116947 | I11: 3.1229136 | J11: 0.27910444 | K11: 4.0197058 | L11: 2.4132149 | M11: 1.2368813 | N11: 0.93175912 | O11: 0.50976872 | P11: 0.46359017 | Q11: 0.9703908 | R11: 0.99428731 | S11: 1.9225917 | T11: 4.6583757 | U11: 0.58386666 | V11: 1.1034275 | W11: 3.6391304 | X11: 0.78244066 | Y11: 0.70045602 | Z11: 1.2579383 | AA11: 0.96578586 | AB11: 4.08956 | AC11: 1.1599791 | AD11: 0.77450323 | AE11: 1.7217015
A12: 955 | B12: 3.9061532 | C12: 3.0315063 | D12: 1.7471313 | E12: 0.77981251 | F12: 2.9762518 | G12: 2.5228677 | H12: 0.096431047 | I12: 3.4292147 | J12: 0.59000325 | K12: 4.1406837 | L12: 2.5363698 | M12: 1.5939896 | N12: 0.98113245 | O12: 0.40459904 | P12: 0.63791716 | Q12: 0.90411896 | R12: 1.3632536 | S12: 2.0851617 | T12: 4.9112396 | U12: 0.67830515 | V12: 1.1902109 | W12: 3.5782785 | X12: 1.033002 | Y12: 0.69872105 | Z12: 1.2281829 | AA12: 0.88232046 | AB12: 4.2036247 | AC12: 1.3563186 | AD12: 0.8188771 | AE12: 1.8747605
A13: 957 | B13: 3.7012861 | C13: 3.1906018 | D13: 1.8605584 | E13: 0.75392938 | F13: 3.0650079 | G13: 2.7338872 | H13: 0.027854908 | I13: 3.4482834 | J13: 0.71276206 | K13: 4.1233354 | L13: 2.5890074 | M13: 1.7398031 | N13: 0.97234279 | O13: 0.35609213 | P13: 0.58970571 | Q13: 0.81517357 | R13: 1.4859015 | S13: 2.1052244 | T13: 5.1281137 | U13: 0.67104501 | V13: 1.1439612 | W13: 3.6035054 | X13: 1.0610622 | Y13: 0.71157002 | Z13: 1.3376758 | AA13: 0.8658123 | AB13: 4.3495693 | AC13: 1.4198135 | AD13: 0.92887133 | AE13: 1.8372543
... A589: 2995 | B589: -1.1910269 | C589: 3.1415954 | D589: -1.9333278 | E589: 1.1680704 | F589: -1.4471323 | G589: 1.7432656 | H589: -4.0598607 | I589: -1.5504519 | J589: -1.0480195 | K589: -0.55697608 | L589: 0.56509089 | M589: -2.6210039 | N589: -2.3004396 | O589: 0.8471033 | P589: 2.4496186 | Q589: 9.5660143 | R589: -1.9885495 | S589: 0.099097572 | T589: 3.9898057 | U589: -0.7422744 | V589: 1.057235 | W589: -2.3967609 | X589: -0.78147382 | Y589: 2.0098355 | Z589: 1.4013903 | AA589: 0.71398991 | AB589: -1.2537391 | AC589: -1.7981994 | AD589: -1.0937393 | AE589: 2.3961506

Sheet normalization
A1: X value [cmâ»Â¹] | B1: S1_z/O-PTIR (mV) [] | C1: S2_z/O-PTIR (mV) [] | D1: S3_z/O-PTIR (mV) [] | E1: S4_z/O-PTIR (mV) [] | F1: S5_z/O-PTIR (mV) [] | G1: S6_z/O-PTIR (mV) [] | H1: S7_z/O-PTIR (mV) [] | I1: S8_z/O-PTIR (mV) [] | J1: S9_z/O-PTIR (mV) [] | K1: S10_z/O-PTIR (mV) [] | L1: S11_z/O-PTIR (mV) [] | M1: S12_z/O-PTIR (mV) [] | N1: S13_z/O-PTIR (mV) [] | O1: S14_z/O-PTIR (mV) [] | P1: S15_z/O-PTIR (mV) [] | Q1: S16_z/O-PTIR (mV) [] | R1: S17_z/O-PTIR (mV) [] | S1: S18_z/O-PTIR (mV) [] | T1: S19_z/O-PTIR (mV) [] | U1: S20_z/O-PTIR (mV) [] | V1: S21_z/O-PTIR (mV) [] | W1: S22_z/O-PTIR (mV) [] | X1: S23_z_o_faint/O-PTIR (mV) [] | Y1: S24_z/O-PTIR (mV) [] | Z1: S25_z/O-PTIR (mV) [] | AA1: S26_z/O-PTIR (mV) [] | AB1: S27_z/O-PTIR (mV) [] | AC1: S28_z/O-PTIR (mV) [] | AD1: S29_z_o_faint/O-PTIR (mV) [] | AE1: S30_z_o_faint/O-PTIR (mV) []
A2: 935 | B2: =Raw!B2/Raw!B$261 -> 0.10905467 | C2: =Raw!C2/Raw!C$261 -> -0.20414171 | D2: =Raw!D2/Raw!D$261 -> -0.2327672 | E2: =Raw!E2/Raw!E$261 -> -0.046811977 | F2: =Raw!F2/Raw!F$261 -> 0.026065898 | G2: =Raw!G2/Raw!G$261 -> 0.17210091 | H2: =Raw!H2/Raw!H$261 -> 0.26542275 | I2: =Raw!I2/Raw!I$261 -> 0.14582818 | ... N2: =Raw!N2/Raw!N$261 -> 0.18778691 | O2: =Raw!O2/Raw!O$261/3 -> 0.94598532 | P2: =Raw!P2/Raw!P$261 -> -0.65687616 | Q2: =Raw!Q2/Raw!Q$261 -> 0.19248637 | R2: =Raw!R2/Raw!R$261 -> 0.25772996 | S2: =Raw!S2/Raw!S$261 -> -0.090948923 | T2: =Raw!T2/Raw!T$261 -> -0.051638636 | U2: =Raw!U2/Raw!U$261 -> -0.32008184 | V2: =Raw!V2/Raw!V$261 -> -0.10610323 | W2: =Raw!W2/Raw!W$261 -> -0.064775999 | ... AE2: =Raw!AE2/Raw!AE$261 -> 0.050370914
A3: 937 | B3: =Raw!B3/Raw!B$261 -> 0.28693821 | C3: =Raw!C3/Raw!C$261 -> -0.053423607 | D3: =Raw!D3/Raw!D$261 -> -0.096588454 | E3: =Raw!E3/Raw!E$261 -> 0.089751112 | F3: =Raw!F3/Raw!F$261 -> 0.037107463 | G3: =Raw!G3/Raw!G$261 -> 0.23544315 | H3: =Raw!H3/Raw!H$261 -> 0.17981686 | I3: =Raw!I3/Raw!I$261 -> 0.13016859 | ... N3: =Raw!N3/Raw!N$261 -> 0.17342399 | O3: =Raw!O3/Raw!O$261/3 -> 0.80350834 | P3: =Raw!P3/Raw!P$261 -> -0.62380965 | Q3: =Raw!Q3/Raw!Q$261 -> 0.12103086 | R3: =Raw!R3/Raw!R$261 -> 0.18585308 | S3: =Raw!S3/Raw!S$261 -> -0.067291164 | T3: =Raw!T3/Raw!T$261 -> 0.18625033 | U3: =Raw!U3/Raw!U$261 -> 0.10667539 | V3: =Raw!V3/Raw!V$261 -> -0.083494452 | W3: =Raw!W3/Raw!W$261 -> 0.048303854 | ... AE3: =Raw!AE3/Raw!AE$261 -> 0.082838256
A4: 939 | B4: =Raw!B4/Raw!B$261 -> 0.5009371 | C4: =Raw!C4/Raw!C$261 -> 0.079891412 | D4: =Raw!D4/Raw!D$261 -> -0.065033902 | E4: =Raw!E4/Raw!E$261 -> 0.017013078 | F4: =Raw!F4/Raw!F$261 -> 0.062406811 | G4: =Raw!G4/Raw!G$261 -> 0.21423497 | H4: =Raw!H4/Raw!H$261 -> 0.10814858 | I4: =Raw!I4/Raw!I$261 -> 0.22796805 | ... N4: =Raw!N4/Raw!N$261 -> 0.22729334 | O4: =Raw!O4/Raw!O$261/3 -> 0.59751444 | P4: =Raw!P4/Raw!P$261 -> -0.29836555 | Q4: =Raw!Q4/Raw!Q$261 -> 0.095143727 | R4: =Raw!R4/Raw!R$261 -> 0.043969244 | S4: =Raw!S4/Raw!S$261 -> -0.029727386 | T4: =Raw!T4/Raw!T$261 -> 0.34031466 | U4: =Raw!U4/Raw!U$261 -> -0.053958383 | V4: =Raw!V4/Raw!V$261 -> -0.032048152 | W4: =Raw!W4/Raw!W$261 -> 0.10036681 | ... AE4: =Raw!AE4/Raw!AE$261 -> 0.13497264
A5: 941 | B5: =Raw!B5/Raw!B$261 -> 0.57013892 | C5: =Raw!C5/Raw!C$261 -> 0.32379213 | D5: =Raw!D5/Raw!D$261 -> 0.037687244 | E5: =Raw!E5/Raw!E$261 -> 0.016762562 | F5: =Raw!F5/Raw!F$261 -> 0.15603754 | G5: =Raw!G5/Raw!G$261 -> 0.23653809 | H5: =Raw!H5/Raw!H$261 -> 0.057847677 | I5: =Raw!I5/Raw!I$261 -> 0.32638683 | ... N5: =Raw!N5/Raw!N$261 -> 0.19469381 | O5: =Raw!O5/Raw!O$261/3 -> 0.54413539 | P5: =Raw!P5/Raw!P$261 -> -0.10866302 | Q5: =Raw!Q5/Raw!Q$261 -> 0.14361577 | R5: =Raw!R5/Raw!R$261 -> 0.073788435 | S5: =Raw!S5/Raw!S$261 -> 0.1646043 | T5: =Raw!T5/Raw!T$261 -> 0.40839996 | U5: =Raw!U5/Raw!U$261 -> -0.05286562 | V5: =Raw!V5/Raw!V$261 -> 0.044039302 | W5: =Raw!W5/Raw!W$261 -> 0.18053479 | ... AE5: =Raw!AE5/Raw!AE$261 -> 0.17113046
A6: 943 | B6: =Raw!B6/Raw!B$261 -> 0.68741688 | C6: =Raw!C6/Raw!C$261 -> 0.52152611 | D6: =Raw!D6/Raw!D$261 -> 0.16581657 | E6: =Raw!E6/Raw!E$261 -> 0.011020981 | F6: =Raw!F6/Raw!F$261 -> 0.19552701 | G6: =Raw!G6/Raw!G$261 -> 0.26348046 | H6: =Raw!H6/Raw!H$261 -> 0.16203521 | I6: =Raw!I6/Raw!I$261 -> 0.35154962 | ... N6: =Raw!N6/Raw!N$261 -> 0.12011876 | O6: =Raw!O6/Raw!O$261/3 -> 0.44354352 | P6: =Raw!P6/Raw!P$261 -> -0.055864607 | Q6: =Raw!Q6/Raw!Q$261 -> 0.15972533 | R6: =Raw!R6/Raw!R$261 -> 0.25491159 | S6: =Raw!S6/Raw!S$261 -> 0.39490289 | T6: =Raw!T6/Raw!T$261 -> 0.43606717 | U6: =Raw!U6/Raw!U$261 -> -0.098688057 | V6: =Raw!V6/Raw!V$261 -> 0.041152967 | W6: =Raw!W6/Raw!W$261 -> 0.22140224 | ... AE6: =Raw!AE6/Raw!AE$261 -> 0.14575574
A7: 945 | B7: =Raw!B7/Raw!B$261 -> 0.71561531 | C7: =Raw!C7/Raw!C$261 -> 0.64172334 | D7: =Raw!D7/Raw!D$261 -> 0.22476072 | E7: =Raw!E7/Raw!E$261 -> 0.02245447 | F7: =Raw!F7/Raw!F$261 -> 0.22923027 | G7: =Raw!G7/Raw!G$261 -> 0.28651354 | H7: =Raw!H7/Raw!H$261 -> 0.03192935 | I7: =Raw!I7/Raw!I$261 -> 0.36329451 | ... N7: =Raw!N7/Raw!N$261 -> 0.13315163 | O7: =Raw!O7/Raw!O$261/3 -> 0.44629736 | P7: =Raw!P7/Raw!P$261 -> 0.14752783 | Q7: =Raw!Q7/Raw!Q$261 -> 0.26939206 | R7: =Raw!R7/Raw!R$261 -> 0.27881586 | S7: =Raw!S7/Raw!S$261 -> 0.40649375 | T7: =Raw!T7/Raw!T$261 -> 0.53397343 | U7: =Raw!U7/Raw!U$261 -> -0.036774998 | V7: =Raw!V7/Raw!V$261 -> 0.093823173 | W7: =Raw!W7/Raw!W$261 -> 0.31868464 | ... AE7: =Raw!AE7/Raw!AE$261 -> 0.2123501
A8: 947 | B8: =Raw!B8/Raw!B$261 -> 0.78170761 | C8: =Raw!C8/Raw!C$261 -> 0.68588236 | D8: =Raw!D8/Raw!D$261 -> 0.29062637 | E8: =Raw!E8/Raw!E$261 -> 0.074022349 | F8: =Raw!F8/Raw!F$261 -> 0.25312531 | G8: =Raw!G8/Raw!G$261 -> 0.29573583 | H8: =Raw!H8/Raw!H$261 -> -0.037825989 | I8: =Raw!I8/Raw!I$261 -> 0.38732564 | ... N8: =Raw!N8/Raw!N$261 -> 0.20370162 | O8: =Raw!O8/Raw!O$261/3 -> 0.37667277 | P8: =Raw!P8/Raw!P$261 -> 0.14122575 | Q8: =Raw!Q8/Raw!Q$261 -> 0.23078409 | R8: =Raw!R8/Raw!R$261 -> 0.23811184 | S8: =Raw!S8/Raw!S$261 -> 0.49969836 | T8: =Raw!T8/Raw!T$261 -> 0.56634726 | U8: =Raw!U8/Raw!U$261 -> 0.12951135 | V8: =Raw!V8/Raw!V$261 -> 0.1302713 | W8: =Raw!W8/Raw!W$261 -> 0.37076542 | ... AE8: =Raw!AE8/Raw!AE$261 -> 0.25284088
A9: 949 | B9: =Raw!B9/Raw!B$261 -> 0.84733262 | C9: =Raw!C9/Raw!C$261 -> 0.71013792 | D9: =Raw!D9/Raw!D$261 -> 0.28158099 | E9: =Raw!E9/Raw!E$261 -> 0.099768369 | F9: =Raw!F9/Raw!F$261 -> 0.29355876 | G9: =Raw!G9/Raw!G$261 -> 0.31818403 | H9: =Raw!H9/Raw!H$261 -> 0.026563882 | I9: =Raw!I9/Raw!I$261 -> 0.34993975 | ... N9: =Raw!N9/Raw!N$261 -> 0.29598252 | O9: =Raw!O9/Raw!O$261/3 -> 0.22057655 | P9: =Raw!P9/Raw!P$261 -> 0.20514514 | Q9: =Raw!Q9/Raw!Q$261 -> 0.23163547 | R9: =Raw!R9/Raw!R$261 -> 0.24555913 | S9: =Raw!S9/Raw!S$261 -> 0.52603896 | T9: =Raw!T9/Raw!T$261 -> 0.59299793 | U9: =Raw!U9/Raw!U$261 -> 0.24147666 | V9: =Raw!V9/Raw!V$261 -> 0.18603523 | W9: =Raw!W9/Raw!W$261 -> 0.43311041 | ... AE9: =Raw!AE9/Raw!AE$261 -> 0.29640332
A10: 951 | B10: =Raw!B10/Raw!B$261 -> 0.88911139 | C10: =Raw!C10/Raw!C$261 -> 0.76527874 | D10: =Raw!D10/Raw!D$261 -> 0.27878361 | E10: =Raw!E10/Raw!E$261 -> 0.076451953 | F10: =Raw!F10/Raw!F$261 -> 0.31292839 | G10: =Raw!G10/Raw!G$261 -> 0.33030593 | H10: =Raw!H10/Raw!H$261 -> 0.024939482 | I10: =Raw!I10/Raw!I$261 -> 0.38270618 | ... N10: =Raw!N10/Raw!N$261 -> 0.34581657 | O10: =Raw!O10/Raw!O$261/3 -> 0.31802603 | P10: =Raw!P10/Raw!P$261 -> 0.2599593 | Q10: =Raw!Q10/Raw!Q$261 -> 0.27491529 | R10: =Raw!R10/Raw!R$261 -> 0.31589797 | S10: =Raw!S10/Raw!S$261 -> 0.5934404 | T10: =Raw!T10/Raw!T$261 -> 0.62613774 | U10: =Raw!U10/Raw!U$261 -> 0.35279446 | V10: =Raw!V10/Raw!V$261 -> 0.22859367 | W10: =Raw!W10/Raw!W$261 -> 0.47930242 | ... AE10: =Raw!AE10/Raw!AE$261 -> 0.31375027
A11: 953 | B11: =Raw!B11/Raw!B$261 -> 0.9852577 | C11: =Raw!C11/Raw!C$261 -> 0.83122721 | D11: =Raw!D11/Raw!D$261 -> 0.36259992 | E11: =Raw!E11/Raw!E$261 -> 0.11827681 | F11: =Raw!F11/Raw!F$261 -> 0.30925909 | G11: =Raw!G11/Raw!G$261 -> 0.35578926 | H11: =Raw!H11/Raw!H$261 -> 0.055128672 | I11: =Raw!I11/Raw!I$261 -> 0.4486646 | ... N11: =Raw!N11/Raw!N$261 -> 0.34779367 | O11: =Raw!O11/Raw!O$261/3 -> 0.45512074 | P11: =Raw!P11/Raw!P$261 -> 0.26540268 | Q11: =Raw!Q11/Raw!Q$261 -> 0.28957851 | R11: =Raw!R11/Raw!R$261 -> 0.41511488 | S11: =Raw!S11/Raw!S$261 -> 0.66414628 | T11: =Raw!T11/Raw!T$261 -> 0.67282824 | U11: =Raw!U11/Raw!U$261 -> 0.37953902 | V11: =Raw!V11/Raw!V$261 -> 0.24259714 | W11: =Raw!W11/Raw!W$261 -> 0.52122028 | ... AE11: =Raw!AE11/Raw!AE$261 -> 0.28867022
A12: 955 | B12: =Raw!B12/Raw!B$261 -> 1.0206466 | C12: =Raw!C12/Raw!C$261 -> 0.91347168 | D12: =Raw!D12/Raw!D$261 -> 0.46236429 | E12: =Raw!E12/Raw!E$261 -> 0.14955107 | F12: =Raw!F12/Raw!F$261 -> 0.31227624 | G12: =Raw!G12/Raw!G$261 -> 0.38503196 | H12: =Raw!H12/Raw!H$261 -> 0.037657685 | I12: =Raw!I12/Raw!I$261 -> 0.49267045 | ... N12: =Raw!N12/Raw!N$261 -> 0.36622304 | O12: =Raw!O12/Raw!O$261/3 -> 0.36122541 | P12: =Raw!P12/Raw!P$261 -> 0.36520387 | Q12: =Raw!Q12/Raw!Q$261 -> 0.26980204 | R12: =Raw!R12/Raw!R$261 -> 0.56915827 | S12: =Raw!S12/Raw!S$261 -> 0.72030499 | T12: =Raw!T12/Raw!T$261 -> 0.7093504 | U12: =Raw!U12/Raw!U$261 -> 0.4409282 | V12: =Raw!V12/Raw!V$261 -> 0.26167715 | W12: =Raw!W12/Raw!W$261 -> 0.51250468 | ... AE12: =Raw!AE12/Raw!AE$261 -> 0.31433296
A13: 957 | B13: =Raw!B13/Raw!B$261 -> 0.96711641 | C13: =Raw!C13/Raw!C$261 -> 0.9614113 | D13: =Raw!D13/Raw!D$261 -> 0.49238184 | E13: =Raw!E13/Raw!E$261 -> 0.14458725 | F13: =Raw!F13/Raw!F$261 -> 0.32158876 | G13: =Raw!G13/Raw!G$261 -> 0.41723708 | H13: =Raw!H13/Raw!H$261 -> 0.010877735 | I13: =Raw!I13/Raw!I$261 -> 0.49541003 | ... N13: =Raw!N13/Raw!N$261 -> 0.36294216 | O13: =Raw!O13/Raw!O$261/3 -> 0.31791851 | P13: =Raw!P13/Raw!P$261 -> 0.33760309 | Q13: =Raw!Q13/Raw!Q$261 -> 0.24325947 | R13: =Raw!R13/Raw!R$261 -> 0.62036375 | S13: =Raw!S13/Raw!S$261 -> 0.72723551 | T13: =Raw!T13/Raw!T$261 -> 0.74067441 | U13: =Raw!U13/Raw!U$261 -> 0.43620879 | V13: =Raw!V13/Raw!V$261 -> 0.25150878 | W13: =Raw!W13/Raw!W$261 -> 0.51611784 | ... AE13: =Raw!AE13/Raw!AE$261 -> 0.30804445 | AG13: In yellow: additional division due to excess intensity -for plotting purposes
A14: 959 | B14: =Raw!B14/Raw!B$261 -> 0.93936328 | C14: =Raw!C14/Raw!C$261 -> 0.95178092 | D14: =Raw!D14/Raw!D$261 -> 0.49275789 | E14: =Raw!E14/Raw!E$261 -> 0.13640579 | F14: =Raw!F14/Raw!F$261 -> 0.3300789 | G14: =Raw!G14/Raw!G$261 -> 0.39660085 | H14: =Raw!H14/Raw!H$261 -> -0.019130673 | I14: =Raw!I14/Raw!I$261 -> 0.47327084 | ... N14: =Raw!N14/Raw!N$261 -> 0.35840866 | O14: =Raw!O14/Raw!O$261/3 -> 0.26969138 | P14: =Raw!P14/Raw!P$261 -> 0.37175589 | Q14: =Raw!Q14/Raw!Q$261 -> 0.210599 | R14: =Raw!R14/Raw!R$261 -> 0.67542326 | S14: =Raw!S14/Raw!S$261 -> 0.72508789 | T14: =Raw!T14/Raw!T$261 -> 0.73161147 | U14: =Raw!U14/Raw!U$261 -> 0.49103135 | V14: =Raw!V14/Raw!V$261 -> 0.26042511 | W14: =Raw!W14/Raw!W$261 -> 0.52336579 | ... AE14: =Raw!AE14/Raw!AE$261 -> 0.29956542 | AG14: S14 z | AH14: div 3
A15: 961 | B15: =Raw!B15/Raw!B$261 -> 0.92635427 | C15: =Raw!C15/Raw!C$261 -> 0.93406051 | D15: =Raw!D15/Raw!D$261 -> 0.44714362 | E15: =Raw!E15/Raw!E$261 -> 0.14280993 | F15: =Raw!F15/Raw!F$261 -> 0.34478247 | G15: =Raw!G15/Raw!G$261 -> 0.38492982 | H15: =Raw!H15/Raw!H$261 -> -0.007674299 | I15: =Raw!I15/Raw!I$261 -> 0.46288601 | ... N15: =Raw!N15/Raw!N$261 -> 0.39773503 | O15: =Raw!O15/Raw!O$261/3 -> 0.52472652 | P15: =Raw!P15/Raw!P$261 -> 0.41328925 | Q15: =Raw!Q15/Raw!Q$261 -> 0.18334796 | R15: =Raw!R15/Raw!R$261 -> 0.63148403 | S15: =Raw!S15/Raw!S$261 -> 0.76197343 | T15: =Raw!T15/Raw!T$261 -> 0.73262877 | U15: =Raw!U15/Raw!U$261 -> 0.52539738 | V15: =Raw!V15/Raw!V$261 -> 0.32102758 | W15: =Raw!W15/Raw!W$261 -> 0.55384722 | ... AE15: =Raw!AE15/Raw!AE$261 -> 0.32215293
A16: 963 | B16: =Raw!B16/Raw!B$261 -> 0.91881722 | C16: =Raw!C16/Raw!C$261 -> 0.92053128 | D16: =Raw!D16/Raw!D$261 -> 0.43705956 | E16: =Raw!E16/Raw!E$261 -> 0.16219103 | F16: =Raw!F16/Raw!F$261 -> 0.34145823 | G16: =Raw!G16/Raw!G$261 -> 0.38101138 | H16: =Raw!H16/Raw!H$261 -> 0.0080516794 | I16: =Raw!I16/Raw!I$261 -> 0.47780231 | ... N16: =Raw!N16/Raw!N$261 -> 0.42828733 | O16: =Raw!O16/Raw!O$261/3 -> 0.50237747 | P16: =Raw!P16/Raw!P$261 -> 0.42887388 | Q16: =Raw!Q16/Raw!Q$261 -> 0.21835348 | R16: =Raw!R16/Raw!R$261 -> 0.60665359 | S16: =Raw!S16/Raw!S$261 -> 0.78849766 | T16: =Raw!T16/Raw!T$261 -> 0.75390181 | U16: =Raw!U16/Raw!U$261 -> 0.55600357 | V16: =Raw!V16/Raw!V$261 -> 0.34963161 | W16: =Raw!W16/Raw!W$261 -> 0.56187446 | ... AE16: =Raw!AE16/Raw!AE$261 -> 0.34054245
A17: 965 | B17: =Raw!B17/Raw!B$261 -> 0.93793108 | C17: =Raw!C17/Raw!C$261 -> 0.92786158 | D17: =Raw!D17/Raw!D$261 -> 0.45682733 | E17: =Raw!E17/Raw!E$261 -> 0.17060729 | F17: =Raw!F17/Raw!F$261 -> 0.33633858 | G17: =Raw!G17/Raw!G$261 -> 0.3760561 | H17: =Raw!H17/Raw!H$261 -> -0.00042548256 | I17: =Raw!I17/Raw!I$261 -> 0.49707326 | ... N17: =Raw!N17/Raw!N$261 -> 0.45009803 | O17: =Raw!O17/Raw!O$261/3 -> 0.45088893 | P17: =Raw!P17/Raw!P$261 -> 0.41806805 | Q17: =Raw!Q17/Raw!Q$261 -> 0.24044304 | R17: =Raw!R17/Raw!R$261 -> 0.61833543 | S17: =Raw!S17/Raw!S$261 -> 0.76780057 | T17: =Raw!T17/Raw!T$261 -> 0.77737475 | U17: =Raw!U17/Raw!U$261 -> 0.60876192 | V17: =Raw!V17/Raw!V$261 -> 0.37162061 | W17: =Raw!W17/Raw!W$261 -> 0.59658633 | ... AE17: =Raw!AE17/Raw!AE$261 -> 0.3699891
A18: 967 | B18: =Raw!B18/Raw!B$261 -> 0.97903424 | C18: =Raw!C18/Raw!C$261 -> 0.94960986 | D18: =Raw!D18/Raw!D$261 -> 0.44043586 | E18: =Raw!E18/Raw!E$261 -> 0.16818582 | F18: =Raw!F18/Raw!F$261 -> 0.34634426 | G18: =Raw!G18/Raw!G$261 -> 0.38852508 | H18: =Raw!H18/Raw!H$261 -> -0.0010556719 | I18: =Raw!I18/Raw!I$261 -> 0.51142661 | ... N18: =Raw!N18/Raw!N$261 -> 0.41567446 | O18: =Raw!O18/Raw!O$261/3 -> 0.39943698 | P18: =Raw!P18/Raw!P$261 -> 0.44620671 | Q18: =Raw!Q18/Raw!Q$261 -> 0.28941252 | R18: =Raw!R18/Raw!R$261 -> 0.66022071 | S18: =Raw!S18/Raw!S$261 -> 0.84459435 | T18: =Raw!T18/Raw!T$261 -> 0.80515539 | U18: =Raw!U18/Raw!U$261 -> 0.60936155 | V18: =Raw!V18/Raw!V$261 -> 0.39702131 | W18: =Raw!W18/Raw!W$261 -> 0.6253928 | ... AE18: =Raw!AE18/Raw!AE$261 -> 0.33890285
A19: 969 | B19: =Raw!B19/Raw!B$261 -> 0.96571262 | C19: =Raw!C19/Raw!C$261 -> 0.9715723 | D19: =Raw!D19/Raw!D$261 -> 0.39980472 | E19: =Raw!E19/Raw!E$261 -> 0.18824188 | F19: =Raw!F19/Raw!F$261 -> 0.3591508 | G19: =Raw!G19/Raw!G$261 -> 0.40678843 | H19: =Raw!H19/Raw!H$261 -> 0.042924056 | I19: =Raw!I19/Raw!I$261 -> 0.51775097 | ... N19: =Raw!N19/Raw!N$261 -> 0.40679105 | O19: =Raw!O19/Raw!O$261/3 -> 0.39976782 | P19: =Raw!P19/Raw!P$261 -> 0.43783848 | Q19: =Raw!Q19/Raw!Q$261 -> 0.27944878 | R19: =Raw!R19/Raw!R$261 -> 0.65792676 | S19: =Raw!S19/Raw!S$261 -> 0.88551569 | T19: =Raw!T19/Raw!T$261 -> 0.81861847 | U19: =Raw!U19/Raw!U$261 -> 0.70358398 | V19: =Raw!V19/Raw!V$261 -> 0.43144792 | W19: =Raw!W19/Raw!W$261 -> 0.64010836 | ... AE19: =Raw!AE19/Raw!AE$261 -> 0.31622625
A20: 971 | B20: =Raw!B20/Raw!B$261 -> 0.90168284 | C20: =Raw!C20/Raw!C$261 -> 0.9857045 | D20: =Raw!D20/Raw!D$261 -> 0.39757584 | E20: =Raw!E20/Raw!E$261 -> 0.20959778 | F20: =Raw!F20/Raw!F$261 -> 0.37375545 | G20: =Raw!G20/Raw!G$261 -> 0.40790033 | H20: =Raw!H20/Raw!H$261 -> 0.071526301 | I20: =Raw!I20/Raw!I$261 -> 0.52826281 | ... N20: =Raw!N20/Raw!N$261 -> 0.41778922 | O20: =Raw!O20/Raw!O$261/3 -> 0.47517208 | P20: =Raw!P20/Raw!P$261 -> 0.41719941 | Q20: =Raw!Q20/Raw!Q$261 -> 0.30128416 | R20: =Raw!R20/Raw!R$261 -> 0.6631954 | S20: =Raw!S20/Raw!S$261 -> 0.9442601 | T20: =Raw!T20/Raw!T$261 -> 0.8277613 | U20: =Raw!U20/Raw!U$261 -> 0.7545455 | V20: =Raw!V20/Raw!V$261 -> 0.44333705 | W20: =Raw!W20/Raw!W$261 -> 0.67513111 | ... AE20: =Raw!AE20/Raw!AE$261 -> 0.30925274
A21: 973 | B21: =Raw!B21/Raw!B$261 -> 0.89156365 | C21: =Raw!C21/Raw!C$261 -> 1.0366654 | D21: =Raw!D21/Raw!D$261 -> 0.40116414 | E21: =Raw!E21/Raw!E$261 -> 0.20861162 | F21: =Raw!F21/Raw!F$261 -> 0.39567259 | G21: =Raw!G21/Raw!G$261 -> 0.42831937 | H21: =Raw!H21/Raw!H$261 -> 0.062465696 | I21: =Raw!I21/Raw!I$261 -> 0.55561575 | ... N21: =Raw!N21/Raw!N$261 -> 0.41389424 | O21: =Raw!O21/Raw!O$261/3 -> 0.55709743 | P21: =Raw!P21/Raw!P$261 -> 0.42070571 | Q21: =Raw!Q21/Raw!Q$261 -> 0.32955708 | R21: =Raw!R21/Raw!R$261 -> 0.68574692 | S21: =Raw!S21/Raw!S$261 -> 0.96258941 | T21: =Raw!T21/Raw!T$261 -> 0.86449807 | U21: =Raw!U21/Raw!U$261 -> 0.75680577 | V21: =Raw!V21/Raw!V$261 -> 0.45387609 | W21: =Raw!W21/Raw!W$261 -> 0.70628661 | ... AE21: =Raw!AE21/Raw!AE$261 -> 0.29630671
A22: 975 | B22: =Raw!B22/Raw!B$261 -> 0.88075315 | C22: =Raw!C22/Raw!C$261 -> 1.0850872 | D22: =Raw!D22/Raw!D$261 -> 0.40355357 | E22: =Raw!E22/Raw!E$261 -> 0.22323411 | F22: =Raw!F22/Raw!F$261 -> 0.42151359 | G22: =Raw!G22/Raw!G$261 -> 0.45193622 | H22: =Raw!H22/Raw!H$261 -> 0.060271448 | I22: =Raw!I22/Raw!I$261 -> 0.59479946 | ... N22: =Raw!N22/Raw!N$261 -> 0.43226516 | O22: =Raw!O22/Raw!O$261/3 -> 0.58089951 | P22: =Raw!P22/Raw!P$261 -> 0.39931353 | Q22: =Raw!Q22/Raw!Q$261 -> 0.35046261 | R22: =Raw!R22/Raw!R$261 -> 0.70534242 | S22: =Raw!S22/Raw!S$261 -> 1.0139865 | T22: =Raw!T22/Raw!T$261 -> 0.89337171 | U22: =Raw!U22/Raw!U$261 -> 0.77917115 | V22: =Raw!V22/Raw!V$261 -> 0.49263975 | W22: =Raw!W22/Raw!W$261 -> 0.73061172 | ... AE22: =Raw!AE22/Raw!AE$261 -> 0.29766141
A23: 977 | B23: =Raw!B23/Raw!B$261 -> 0.846145 | C23: =Raw!C23/Raw!C$261 -> 1.0852917 | D23: =Raw!D23/Raw!D$261 -> 0.39134584 | E23: =Raw!E23/Raw!E$261 -> 0.22561507 | F23: =Raw!F23/Raw!F$261 -> 0.44430677 | G23: =Raw!G23/Raw!G$261 -> 0.4668866 | H23: =Raw!H23/Raw!H$261 -> 0.084727135 | I23: =Raw!I23/Raw!I$261 -> 0.62902306 | ... N23: =Raw!N23/Raw!N$261 -> 0.44318866 | O23: =Raw!O23/Raw!O$261/3 -> 0.61373095 | P23: =Raw!P23/Raw!P$261 -> 0.39101519 | Q23: =Raw!Q23/Raw!Q$261 -> 0.3726183 | R23: =Raw!R23/Raw!R$261 -> 0.70696536 | S23: =Raw!S23/Raw!S$261 -> 1.0601776 | T23: =Raw!T23/Raw!T$261 -> 0.92246146 | U23: =Raw!U23/Raw!U$261 -> 0.81123317 | V23: =Raw!V23/Raw!V$261 -> 0.52880924 | W23: =Raw!W23/Raw!W$261 -> 0.75995295 | ... AE23: =Raw!AE23/Raw!AE$261 -> 0.32496342
A24: 979 | B24: =Raw!B24/Raw!B$261 -> 0.84756649 | C24: =Raw!C24/Raw!C$261 -> 1.0980079 | D24: =Raw!D24/Raw!D$261 -> 0.37859568 | E24: =Raw!E24/Raw!E$261 -> 0.22894787 | F24: =Raw!F24/Raw!F$261 -> 0.45278703 | G24: =Raw!G24/Raw!G$261 -> 0.47561525 | H24: =Raw!H24/Raw!H$261 -> 0.11915682 | I24: =Raw!I24/Raw!I$261 -> 0.63449701 | ... N24: =Raw!N24/Raw!N$261 -> 0.4612356 | O24: =Raw!O24/Raw!O$261/3 -> 0.57129853 | P24: =Raw!P24/Raw!P$261 -> 0.4098747 | Q24: =Raw!Q24/Raw!Q$261 -> 0.37277981 | R24: =Raw!R24/Raw!R$261 -> 0.72895653 | S24: =Raw!S24/Raw!S$261 -> 1.0813232 | T24: =Raw!T24/Raw!T$261 -> 0.94348291 | U24: =Raw!U24/Raw!U$261 -> 0.81891782 | V24: =Raw!V24/Raw!V$261 -> 0.55489887 | W24: =Raw!W24/Raw!W$261 -> 0.76922601 | ... AE24: =Raw!AE24/Raw!AE$261 -> 0.32894559
A25: 981 | B25: =Raw!B25/Raw!B$261 -> 0.83506724 | C25: =Raw!C25/Raw!C$261 -> 1.1149525 | D25: =Raw!D25/Raw!D$261 -> 0.42382435 | E25: =Raw!E25/Raw!E$261 -> 0.23448888 | F25: =Raw!F25/Raw!F$261 -> 0.45189407 | G25: =Raw!G25/Raw!G$261 -> 0.47661021 | H25: =Raw!H25/Raw!H$261 -> 0.11745626 | I25: =Raw!I25/Raw!I$261 -> 0.65163666 | ... N25: =Raw!N25/Raw!N$261 -> 0.48972926 | O25: =Raw!O25/Raw!O$261/3 -> 0.56516189 | P25: =Raw!P25/Raw!P$261 -> 0.4636916 | Q25: =Raw!Q25/Raw!Q$261 -> 0.3738187 | R25: =Raw!R25/Raw!R$261 -> 0.72076406 | S25: =Raw!S25/Raw!S$261 -> 1.1195882 | T25: =Raw!T25/Raw!T$261 -> 0.96085886 | U25: =Raw!U25/Raw!U$261 -> 0.85496034 | V25: =Raw!V25/Raw!V$261 -> 0.60351548 | W25: =Raw!W25/Raw!W$261 -> 0.77825587 | ... AE25: =Raw!AE25/Raw!AE$261 -> 0.33044774
A26: 983 | B26: =Raw!B26/Raw!B$261 -> 0.81792514 | C26: =Raw!C26/Raw!C$261 -> 1.1325947 | D26: =Raw!D26/Raw!D$261 -> 0.43102207 | E26: =Raw!E26/Raw!E$261 -> 0.24372646 | F26: =Raw!F26/Raw!F$261 -> 0.46478146 | G26: =Raw!G26/Raw!G$261 -> 0.49565627 | H26: =Raw!H26/Raw!H$261 -> 0.14297951 | I26: =Raw!I26/Raw!I$261 -> 0.6592219 | ... N26: =Raw!N26/Raw!N$261 -> 0.50564027 | O26: =Raw!O26/Raw!O$261/3 -> 0.64948564 | P26: =Raw!P26/Raw!P$261 -> 0.44430703 | Q26: =Raw!Q26/Raw!Q$261 -> 0.38683055 | R26: =Raw!R26/Raw!R$261 -> 0.74385584 | S26: =Raw!S26/Raw!S$261 -> 1.1487436 | T26: =Raw!T26/Raw!T$261 -> 0.97375733 | U26: =Raw!U26/Raw!U$261 -> 0.86394158 | V26: =Raw!V26/Raw!V$261 -> 0.60648203 | W26: =Raw!W26/Raw!W$261 -> 0.81198182 | ... AE26: =Raw!AE26/Raw!AE$261 -> 0.32937514
... A589: 2995 | B589: =Raw!B589/Raw!B$261 -> -0.3112058 | C589: =Raw!C589/Raw!C$261 -> 0.94664438 | D589: =Raw!D589/Raw!D$261 -> -0.51163968 | E589: =Raw!E589/Raw!E$261 -> 0.22401049 | F589: =Raw!F589/Raw!F$261 -> -0.15183696 | G589: =Raw!G589/Raw!G$261 -> 0.2660516 | H589: =Raw!H589/Raw!H$261 -> -1.5854329 | I589: =Raw!I589/Raw!I$261 -> -0.22275124 | ... N589: =Raw!N589/Raw!N$261 -> -0.85867508 | O589: =Raw!O589/Raw!O$261/3 -> 0.75629254 | P589: =Raw!P589/Raw!P$261 -> 1.4023924 | Q589: =Raw!Q589/Raw!Q$261 -> 2.8546357 | R589: =Raw!R589/Raw!R$261 -> -0.83021925 | S589: =Raw!S589/Raw!S$261 -> 0.034232586 | T589: =Raw!T589/Raw!T$261 -> 0.57626393 | U589: =Raw!U589/Raw!U$261 -> -0.48251103 | V589: =Raw!V589/Raw!V$261 -> 0.23244135 | W589: =Raw!W589/Raw!W$261 -> -0.34327993 | ... AE589: =Raw!AE589/Raw!AE$261 -> 0.40175217

Sheet plot
A1: X value [cmâ»Â¹] | B1: S1_z/O-PTIR (mV) [] | C1: S2_z/O-PTIR (mV) [] | D1: S3_z/O-PTIR (mV) [] | E1: S4_z/O-PTIR (mV) [] | F1: S5_z/O-PTIR (mV) [] | G1: S6_z/O-PTIR (mV) [] | H1: S7_z/O-PTIR (mV) [] | I1: S8_z/O-PTIR (mV) [] | J1: S9_z/O-PTIR (mV) [] | K1: S10_z/O-PTIR (mV) [] | L1: S11_z/O-PTIR (mV) [] | M1: S12_z/O-PTIR (mV) [] | N1: S13_z/O-PTIR (mV) [] | O1: S14_z/O-PTIR (mV) [] | P1: S15_z/O-PTIR (mV) [] | Q1: S16_z/O-PTIR (mV) [] | R1: S17_z/O-PTIR (mV) [] | S1: S18_z/O-PTIR (mV) [] | T1: S19_z/O-PTIR (mV) [] | U1: S20_z/O-PTIR (mV) [] | V1: S21_z/O-PTIR (mV) [] | W1: S22_z/O-PTIR (mV) [] | X1: S23_z_o_faint/O-PTIR (mV) [] | Y1: S24_z/O-PTIR (mV) [] | Z1: S25_z/O-PTIR (mV) [] | AA1: S26_z/O-PTIR (mV) [] | AB1: S27_z/O-PTIR (mV) [] | AC1: S28_z/O-PTIR (mV) [] | AD1: S29_z_o_faint/O-PTIR (mV) [] | AE1: S30_z_o_faint/O-PTIR (mV) []
A2: 935 | B2: =normalization!B2+plot!AI$4 -> 1.1090547 | C2: =normalization!C2+plot!AJ$4 -> 1.7958583 | D2: =normalization!D2+plot!AK$4 -> 2.7672328 | E2: =normalization!E2+plot!AL$4 -> 3.953188 | F2: =normalization!F2+plot!AM$4 -> 5.0260659 | G2: =normalization!G2+plot!AN$4 -> 6.1721009 | H2: =normalization!H2+plot!AO$4 -> 7.2654227 | I2: =normalization!I2+plot!AP$4 -> 8.1458282 | ... AE2: =normalization!AE2+plot!BL$4 -> 30.050371
A3: 937 | B3: =normalization!B3+plot!AI$4 -> 1.2869382 | C3: =normalization!C3+plot!AJ$4 -> 1.9465764 | D3: =normalization!D3+plot!AK$4 -> 2.9034115 | E3: =normalization!E3+plot!AL$4 -> 4.0897511 | F3: =normalization!F3+plot!AM$4 -> 5.0371075 | G3: =normalization!G3+plot!AN$4 -> 6.2354431 | H3: =normalization!H3+plot!AO$4 -> 7.1798169 | I3: =normalization!I3+plot!AP$4 -> 8.1301686 | ... AE3: =normalization!AE3+plot!BL$4 -> 30.082838
A4: 939 | B4: =normalization!B4+plot!AI$4 -> 1.5009371 | C4: =normalization!C4+plot!AJ$4 -> 2.0798914 | D4: =normalization!D4+plot!AK$4 -> 2.9349661 | E4: =normalization!E4+plot!AL$4 -> 4.0170131 | F4: =normalization!F4+plot!AM$4 -> 5.0624068 | G4: =normalization!G4+plot!AN$4 -> 6.214235 | H4: =normalization!H4+plot!AO$4 -> 7.1081486 | I4: =normalization!I4+plot!AP$4 -> 8.227968 | ... AE4: =normalization!AE4+plot!BL$4 -> 30.134973 | AH4: Numbers to shift | AI4: 1 | AJ4: 2 | AK4: 3 | AL4: 4 | AM4: 5 | AN4: 6 | AO4: 7 | AP4: 8 | AQ4: 9 | AR4: 10 | AS4: 11 | AT4: 12 | AU4: 13 | AV4: 14 | AW4: 15 | AX4: 16 | AY4: 17 | AZ4: 18 | BA4: 19 | BB4: 20 | BC4: 21 | BD4: 22 | BE4: 23 | BF4: 24 | BG4: 25 | BH4: 26 | BI4: 27 | BJ4: 28 | BK4: 29 | BL4: 30 | BM4: 31
A5: 941 | B5: =normalization!B5+plot!AI$4 -> 1.5701389 | C5: =normalization!C5+plot!AJ$4 -> 2.3237921 | D5: =normalization!D5+plot!AK$4 -> 3.0376872 | E5: =normalization!E5+plot!AL$4 -> 4.0167626 | F5: =normalization!F5+plot!AM$4 -> 5.1560375 | G5: =normalization!G5+plot!AN$4 -> 6.2365381 | H5: =normalization!H5+plot!AO$4 -> 7.0578477 | I5: =normalization!I5+plot!AP$4 -> 8.3263868 | ... AE5: =normalization!AE5+plot!BL$4 -> 30.17113
A6: 943 | B6: =normalization!B6+plot!AI$4 -> 1.6874169 | C6: =normalization!C6+plot!AJ$4 -> 2.5215261 | D6: =normalization!D6+plot!AK$4 -> 3.1658166 | E6: =normalization!E6+plot!AL$4 -> 4.011021 | F6: =normalization!F6+plot!AM$4 -> 5.195527 | G6: =normalization!G6+plot!AN$4 -> 6.2634805 | H6: =normalization!H6+plot!AO$4 -> 7.1620352 | I6: =normalization!I6+plot!AP$4 -> 8.3515496 | ... AE6: =normalization!AE6+plot!BL$4 -> 30.145756
A7: 945 | B7: =normalization!B7+plot!AI$4 -> 1.7156153 | C7: =normalization!C7+plot!AJ$4 -> 2.6417233 | D7: =normalization!D7+plot!AK$4 -> 3.2247607 | E7: =normalization!E7+plot!AL$4 -> 4.0224545 | F7: =normalization!F7+plot!AM$4 -> 5.2292303 | G7: =normalization!G7+plot!AN$4 -> 6.2865135 | H7: =normalization!H7+plot!AO$4 -> 7.0319293 | I7: =normalization!I7+plot!AP$4 -> 8.3632945 | ... AE7: =normalization!AE7+plot!BL$4 -> 30.21235
A8: 947 | B8: =normalization!B8+plot!AI$4 -> 1.7817076 | C8: =normalization!C8+plot!AJ$4 -> 2.6858824 | D8: =normalization!D8+plot!AK$4 -> 3.2906264 | E8: =normalization!E8+plot!AL$4 -> 4.0740223 | F8: =normalization!F8+plot!AM$4 -> 5.2531253 | G8: =normalization!G8+plot!AN$4 -> 6.2957358 | H8: =normalization!H8+plot!AO$4 -> 6.962174 | I8: =normalization!I8+plot!AP$4 -> 8.3873256 | ... AE8: =normalization!AE8+plot!BL$4 -> 30.252841
A9: 949 | B9: =normalization!B9+plot!AI$4 -> 1.8473326 | C9: =normalization!C9+plot!AJ$4 -> 2.7101379 | D9: =normalization!D9+plot!AK$4 -> 3.281581 | E9: =normalization!E9+plot!AL$4 -> 4.0997684 | F9: =normalization!F9+plot!AM$4 -> 5.2935588 | G9: =normalization!G9+plot!AN$4 -> 6.318184 | H9: =normalization!H9+plot!AO$4 -> 7.0265639 | I9: =normalization!I9+plot!AP$4 -> 8.3499397 | ... AE9: =normalization!AE9+plot!BL$4 -> 30.296403
A10: 951 | B10: =normalization!B10+plot!AI$4 -> 1.8891114 | C10: =normalization!C10+plot!AJ$4 -> 2.7652787 | D10: =normalization!D10+plot!AK$4 -> 3.2787836 | E10: =normalization!E10+plot!AL$4 -> 4.076452 | F10: =normalization!F10+plot!AM$4 -> 5.3129284 | G10: =normalization!G10+plot!AN$4 -> 6.3303059 | H10: =normalization!H10+plot!AO$4 -> 7.0249395 | I10: =normalization!I10+plot!AP$4 -> 8.3827062 | ... AE10: =normalization!AE10+plot!BL$4 -> 30.31375
A11: 953 | B11: =normalization!B11+plot!AI$4 -> 1.9852577 | C11: =normalization!C11+plot!AJ$4 -> 2.8312272 | D11: =normalization!D11+plot!AK$4 -> 3.3625999 | E11: =normalization!E11+plot!AL$4 -> 4.1182768 | F11: =normalization!F11+plot!AM$4 -> 5.3092591 | G11: =normalization!G11+plot!AN$4 -> 6.3557893 | H11: =normalization!H11+plot!AO$4 -> 7.0551287 | I11: =normalization!I11+plot!AP$4 -> 8.4486646 | ... AE11: =normalization!AE11+plot!BL$4 -> 30.28867
A12: 955 | B12: =normalization!B12+plot!AI$4 -> 2.0206466 | C12: =normalization!C12+plot!AJ$4 -> 2.9134717 | D12: =normalization!D12+plot!AK$4 -> 3.4623643 | E12: =normalization!E12+plot!AL$4 -> 4.1495511 | F12: =normalization!F12+plot!AM$4 -> 5.3122762 | G12: =normalization!G12+plot!AN$4 -> 6.385032 | H12: =normalization!H12+plot!AO$4 -> 7.0376577 | I12: =normalization!I12+plot!AP$4 -> 8.4926705 | ... AE12: =normalization!AE12+plot!BL$4 -> 30.314333
A13: 957 | B13: =normalization!B13+plot!AI$4 -> 1.9671164 | C13: =normalization!C13+plot!AJ$4 -> 2.9614113 | D13: =normalization!D13+plot!AK$4 -> 3.4923818 | E13: =normalization!E13+plot!AL$4 -> 4.1445872 | F13: =normalization!F13+plot!AM$4 -> 5.3215888 | G13: =normalization!G13+plot!AN$4 -> 6.4172371 | H13: =normalization!H13+plot!AO$4 -> 7.0108777 | I13: =normalization!I13+plot!AP$4 -> 8.49541 | ... AE13: =normalization!AE13+plot!BL$4 -> 30.308044
A14: 959 | B14: =normalization!B14+plot!AI$4 -> 1.9393633 | C14: =normalization!C14+plot!AJ$4 -> 2.9517809 | D14: =normalization!D14+plot!AK$4 -> 3.4927579 | E14: =normalization!E14+plot!AL$4 -> 4.1364058 | F14: =normalization!F14+plot!AM$4 -> 5.3300789 | G14: =normalization!G14+plot!AN$4 -> 6.3966009 | H14: =normalization!H14+plot!AO$4 -> 6.9808693 | I14: =normalization!I14+plot!AP$4 -> 8.4732708 | ... AE14: =normalization!AE14+plot!BL$4 -> 30.299565
A15: 961 | B15: =normalization!B15+plot!AI$4 -> 1.9263543 | C15: =normalization!C15+plot!AJ$4 -> 2.9340605 | D15: =normalization!D15+plot!AK$4 -> 3.4471436 | E15: =normalization!E15+plot!AL$4 -> 4.1428099 | F15: =normalization!F15+plot!AM$4 -> 5.3447825 | G15: =normalization!G15+plot!AN$4 -> 6.3849298 | H15: =normalization!H15+plot!AO$4 -> 6.9923257 | I15: =normalization!I15+plot!AP$4 -> 8.462886 | ... AE15: =normalization!AE15+plot!BL$4 -> 30.322153
A16: 963 | B16: =normalization!B16+plot!AI$4 -> 1.9188172 | C16: =normalization!C16+plot!AJ$4 -> 2.9205313 | D16: =normalization!D16+plot!AK$4 -> 3.4370596 | E16: =normalization!E16+plot!AL$4 -> 4.162191 | F16: =normalization!F16+plot!AM$4 -> 5.3414582 | G16: =normalization!G16+plot!AN$4 -> 6.3810114 | H16: =normalization!H16+plot!AO$4 -> 7.0080517 | I16: =normalization!I16+plot!AP$4 -> 8.4778023 | ... AE16: =normalization!AE16+plot!BL$4 -> 30.340542
... A589: 2995 | B589: =normalization!B589+plot!AI$4 -> 0.6887942 | C589: =normalization!C589+plot!AJ$4 -> 2.9466444 | D589: =normalization!D589+plot!AK$4 -> 2.4883603 | E589: =normalization!E589+plot!AL$4 -> 4.2240105 | F589: =normalization!F589+plot!AM$4 -> 4.848163 | G589: =normalization!G589+plot!AN$4 -> 6.2660516 | H589: =normalization!H589+plot!AO$4 -> 5.4145671 | I589: =normalization!I589+plot!AP$4 -> 7.7772488 | ... AE589: =normalization!AE589+plot!BL$4 -> 30.401752
