Workbook

Sheet Description
A2: Summary
A3: OPTIR Point analysis of 1% Se-PS-MNPs, 10 ppm D.magna slice
A4: 1- Raw data in "Raw"
A5: 2- "Normalization" to peak 1453 cm-1
A6: 3- "plot" add shifts for clarity

Sheet Raw
A1: X value [cmâ»Â¹] | B1: S4_n1_o/O-PTIR (mV) [] | C1: S5_n1_o/O-PTIR (mV) [] | D1: S6_n1_o/O-PTIR (mV) [] | E1: S1_n3_z_o/O-PTIR (mV) [] | F1: S2_n3_z_o/O-PTIR (mV) [] | G1: S1_n3_zz_o/O-PTIR (mV) [] | H1: S3_n3_zz_o/O-PTIR (mV) [] | I1: S4_n3_zz_o/O-PTIR (mV) [] | J1: S5_n3_zz/O-PTIR (mV) [] | K1: S8_n3_zz_o/O-PTIR (mV) [] | L1: S9_n3_zz_o/O-PTIR (mV) [] | M1: S10_n3_zz/O-PTIR (mV) [] | N1: S11_n3_zz_o/O-PTIR (mV) [] | O1: S12_n3_zz_o/O-PTIR (mV) [] | P1: S3_n3_z/O-PTIR (mV) [] | Q1: S4_n3_z_o/O-PTIR (mV) [] | R1: S5_n3_z_o/O-PTIR (mV) [] | S1: S6_n3_z_o/O-PTIR (mV) [] | T1: S7_n3_z_o/O-PTIR (mV) [] | U1: S8_n3_z_o/O-PTIR (mV) [] | V1: S9_n3_z_o/O-PTIR (mV) [] | W1: S10_n3_z_o/O-PTIR (mV) [] | X1: S11_n3_z_o/O-PTIR (mV) [] | Y1: S12_n3_z_o/O-PTIR (mV) [] | Z1: S13_n3_z_o/O-PTIR (mV) [] | AA1: S14_n3_z_o/O-PTIR (mV) [] | AB1: S15_n3_z_o/O-PTIR (mV) [] | AC1: S16_n3_z/O-PTIR (mV) [] | AD1: S17_n3_z/O-PTIR (mV) [] | AE1: S18_n3_z/O-PTIR (mV) []
A2: 935 | B2: -0.72429329 | C2: 0.36498553 | D2: 1.669592 | E2: -0.056427598 | F2: 0.078014813 | G2: -0.25893885 | H2: -2.833868 | I2: 1.1527721 | J2: -1.0107191 | K2: 0.066049002 | L2: 0.058252059 | M2: -0.049971789 | N2: 0.30522549 | O2: 0.56252778 | P2: -1.161662 | Q2: -1.028944 | R2: -0.61973357 | S2: -0.27463984 | T2: 0.78546727 | U2: 1.1015767 | V2: 1.0101974 | W2: 0.67677057 | X2: 2.104661 | Y2: -1.8133107 | Z2: -0.1834026 | AA2: -0.76221526 | AB2: 1.2184219 | AC2: -0.31936473 | AD2: 2.1884968 | AE2: 1.8264641
A3: 937 | B3: 0.0019868135 | C3: 0.47287205 | D3: 4.002594 | E3: -0.84192425 | F3: 0.34332609 | G3: 2.3108122 | H3: -2.30492 | I3: -0.53582489 | J3: 0.14311805 | K3: 1.4974962 | L3: 0.88835782 | M3: 0.20431493 | N3: 1.3042221 | O3: -0.97848421 | P3: -1.7400973 | Q3: -0.37587428 | R3: -0.75601172 | S3: -0.50662488 | T3: -0.24925289 | U3: 3.0615025 | V3: 1.0417532 | W3: -1.2527208 | X3: 3.1290545 | Y3: -1.0909936 | Z3: 0.8173818 | AA3: -0.73444283 | AB3: 1.3435194 | AC3: 0.56470144 | AD3: 2.4796615 | AE3: 0.99505031
A4: 939 | B4: 0.32405001 | C4: -0.32922563 | D4: 2.3814871 | E4: -0.48508534 | F4: 0.49740365 | G4: 1.1879293 | H4: -0.56634146 | I4: 0.99718922 | J4: 0.19971612 | K4: 2.1869087 | L4: 0.3365666 | M4: 0.75355196 | N4: 0.5537492 | O4: -0.69243121 | P4: -0.031673472 | Q4: -1.2669895 | R4: 0.23682363 | S4: -0.63001871 | T4: -0.97510129 | U4: 1.5796643 | V4: 0.97506106 | W4: -0.72284049 | X4: 1.4088489 | Y4: -1.1294372 | Z4: 0.80826819 | AA4: -0.092034116 | AB4: -0.0046694456 | AC4: 0.68841523 | AD4: 1.9573644 | AE4: 1.3118802
A5: 941 | B5: 0.18713799 | C5: 0.12869328 | D5: 0.29143518 | E5: -0.064496979 | F5: 0.59939939 | G5: 0.065994501 | H5: 0.71901298 | I5: 1.5755405 | J5: 0.71355522 | K5: 1.6334634 | L5: 0.84942287 | M5: -0.2175674 | N5: 0.14709534 | O5: 0.23744017 | P5: -0.27559391 | Q5: -0.24607621 | R5: 0.41999167 | S5: 0.90110368 | T5: -0.49230167 | U5: 1.034261 | V5: -0.34615481 | W5: -0.031532358 | X5: 1.766618 | Y5: -0.81039494 | Z5: 0.74107206 | AA5: 1.0674993 | AB5: -0.010445327 | AC5: 1.1794584 | AD5: 1.7110896 | AE5: 1.7016696
A6: 943 | B6: -0.44938329 | C6: 0.39260036 | D6: 0.39536783 | E6: 0.085543126 | F6: 0.49020138 | G6: 0.39800674 | H6: 2.0892715 | I6: 1.8578342 | J6: 1.332063 | K6: 1.5044746 | L6: 0.83869463 | M6: 0.153643 | N6: 0.62370527 | O6: 0.020825911 | P6: -0.24392419 | Q6: -0.030820021 | R6: 0.35654065 | S6: 0.57342738 | T6: -0.30011222 | U6: 2.6649871 | V6: -0.52891296 | W6: -0.47980255 | X6: 2.4689739 | Y6: -0.87180012 | Z6: 0.41620812 | AA6: 0.34179017 | AB6: -0.22447751 | AC6: 1.561794 | AD6: 2.5712457 | AE6: 2.3577533
A7: 945 | B7: -0.044115283 | C7: 1.1652422 | D7: 0.64339572 | E7: 0.1901561 | F7: 0.37052426 | G7: 0.5659579 | H7: 1.7064424 | I7: 2.1948793 | J7: 1.2414798 | K7: 1.9252366 | L7: 0.9313761 | M7: 0.56119025 | N7: 0.69784755 | O7: 0.31174821 | P7: 0.78561109 | Q7: 0.17407939 | R7: 0.21646112 | S7: 0.67588657 | T7: 0.15284553 | U7: 2.4672453 | V7: -0.19695543 | W7: -0.57399189 | X7: 3.238636 | Y7: -0.77232951 | Z7: 0.070196621 | AA7: -0.094332062 | AB7: 0.39147294 | AC7: 1.6315137 | AD7: 2.9575694 | AE7: 2.8460615
A8: 947 | B8: 0.601542 | C8: 0.91332817 | D8: 0.55940574 | E8: 0.4445048 | F8: -0.23599124 | G8: 0.95859081 | H8: 1.4926944 | I8: 2.2721331 | J8: 1.7732202 | K8: 1.5359573 | L8: 0.67741984 | M8: 1.130704 | N8: 0.33024099 | O8: 0.50871283 | P8: 0.72723776 | Q8: 0.28335598 | R8: 0.23229605 | S8: 1.1250449 | T8: 0.4391107 | U8: 2.3138273 | V8: -0.067869402 | W8: -0.44446117 | X8: 3.670537 | Y8: -0.66901678 | Z8: 0.43272477 | AA8: 0.16415912 | AB8: 0.54326493 | AC8: 1.6345429 | AD8: 3.0654409 | AE8: 2.7984874
A9: 949 | B9: 0.76091534 | C9: 0.76927316 | D9: 0.92983884 | E9: 0.36204204 | F9: -0.22766344 | G9: 0.48367548 | H9: 2.0038393 | I9: 2.6104901 | J9: 2.0866058 | K9: 1.2339108 | L9: 0.049600102 | M9: 0.84248829 | N9: 0.39780757 | O9: 0.13336734 | P9: 0.51655352 | Q9: 0.50926089 | R9: 0.37444878 | S9: 1.2665217 | T9: 0.62468404 | U9: 1.9616401 | V9: 0.09001977 | W9: -0.17313115 | X9: 3.5648644 | Y9: -0.27061009 | Z9: 0.76925218 | AA9: -0.014872612 | AB9: 0.57057738 | AC9: 1.7746544 | AD9: 3.1711206 | AE9: 2.7352128
A10: 951 | B10: 0.78706425 | C10: 1.0524029 | D10: 0.95536464 | E10: 0.42138916 | F10: 0.3495332 | G10: 0.75282115 | H10: 2.018826 | I10: 2.5084622 | J10: 2.1362731 | K10: 1.818753 | L10: 0.22721128 | M10: 0.82327217 | N10: 0.84804404 | O10: 0.33042842 | P10: 0.53905296 | Q10: 0.96405274 | R10: 0.29899928 | S10: 1.337581 | T10: 0.49151766 | U10: 2.4018741 | V10: 0.17937884 | W10: 0.17340329 | X10: 3.5019491 | Y10: -0.10855946 | Z10: 0.82448715 | AA10: 0.069364361 | AB10: 0.65365183 | AC10: 1.7143292 | AD10: 3.1790309 | AE10: 2.719039
A11: 953 | B11: 0.87054002 | C11: 1.1555125 | D11: 0.77441752 | E11: 0.41919357 | F11: 0.52132624 | G11: 1.5608493 | H11: 1.7910032 | I11: 2.4548819 | J11: 2.2608418 | K11: 1.9672555 | L11: 0.13495734 | M11: 0.65417206 | N11: 1.0155407 | O11: 0.54948789 | P11: 0.78608197 | Q11: 0.96302104 | R11: 0.21901283 | S11: 1.4681084 | T11: 0.47920656 | U11: 2.7482128 | V11: 0.1390184 | W11: 0.39421737 | X11: 3.4922645 | Y11: -0.19168109 | Z11: 1.0283567 | AA11: 0.1341255 | AB11: 0.65610307 | AC11: 2.0711799 | AD11: 3.4194105 | AE11: 2.9747248
A12: 955 | B12: 1.0908731 | C12: 1.2308083 | D12: 0.93075866 | E12: 0.41481328 | F12: 0.56301248 | G12: 2.0004358 | H12: 1.6869793 | I12: 2.3895812 | J12: 2.5499313 | K12: 1.6801709 | L12: 0.10972466 | M12: 0.73695952 | N12: 1.182627 | O12: 0.45460171 | P12: 0.87760878 | Q12: 0.94385964 | R12: 0.50358236 | S12: 1.5720217 | T12: 0.41568223 | U12: 2.7328072 | V12: 0.098525412 | W12: 0.41270658 | X12: 3.6037791 | Y12: -0.012412738 | Z12: 0.79125208 | AA12: 0.13625738 | AB12: 0.57233787 | AC12: 1.9887898 | AD12: 3.6638007 | AE12: 3.2210455
A13: 957 | B13: 1.3114285 | C13: 1.0125523 | D13: 1.079975 | E13: 0.21618924 | F13: 0.51319605 | G13: 1.762091 | H13: 2.3228099 | I13: 2.4320619 | J13: 2.474369 | K13: 1.4217154 | L13: 0.029117212 | M13: 1.0743434 | N13: 1.0322644 | O13: 0.4809905 | P13: 1.0837311 | Q13: 0.89236182 | R13: 0.452999 | S13: 1.5212479 | T13: 0.37756377 | U13: 2.9068191 | V13: 0.0027022169 | W13: 0.12727341 | X13: 3.7356503 | Y13: 0.015930692 | Z13: 0.89186615 | AA13: 0.014722943 | AB13: 0.62675226 | AC13: 2.1233308 | AD13: 3.7900267 | AE13: 3.3426793
... A589: 2995 | B589: 5.1259174 | C589: -9.7076445 | D589: -6.488492 | E589: -4.4467874 | F589: -7.3854547 | G589: -1.0179778 | H589: 4.3531137 | I589: 4.708189 | J589: -7.7062006 | K589: 7.8040171 | L589: -0.84061402 | M589: -0.36441666 | N589: 1.1001868 | O589: -0.12423293 | P589: 1.4695218 | Q589: -6.5724635 | R589: 2.6635065 | S589: 7.6460247 | T589: -0.60360825 | U589: 3.7855601 | V589: -4.1516838 | W589: -3.5559111 | X589: 7.8195558 | Y589: -0.36073953 | Z589: -3.0724154 | AA589: 1.0276029 | AB589: -0.80265278 | AC589: 4.4089537 | AD589: 3.8902781 | AE589: -1.9819697

Sheet Normalization
A1: =Raw!A1 -> X value [cmâ»Â¹] | B1: =Raw!B1 -> S4_n1_o/O-PTIR (mV) [] | C1: =Raw!C1 -> S5_n1_o/O-PTIR (mV) [] | D1: =Raw!D1 -> S6_n1_o/O-PTIR (mV) [] | E1: =Raw!E1 -> S1_n3_z_o/O-PTIR (mV) [] | F1: =Raw!F1 -> S2_n3_z_o/O-PTIR (mV) [] | G1: =Raw!G1 -> S1_n3_zz_o/O-PTIR (mV) [] | H1: =Raw!H1 -> S3_n3_zz_o/O-PTIR (mV) [] | ... AE1: =Raw!AE1 -> S18_n3_z/O-PTIR (mV) []
A2: =Raw!A2 -> 935 | B2: =Raw!B2/Raw!B$261 -> -0.079428017 | C2: =Raw!C2/Raw!C$261 -> 0.048029987 | D2: =Raw!D2/Raw!D$261 -> 0.15319416 | E2: =Raw!E2/Raw!E$261 -> -0.035020035 | F2: =Raw!F2/Raw!F$261 -> 0.0031334966 | G2: =Raw!G2/Raw!G$261 -> -0.040156395 | H2: =Raw!H2/Raw!H$261 -> -0.2251502 | I2: =Raw!I2/Raw!I$261 -> 0.14755583 | ... U2: =Raw!U2/Raw!U$261 -> 0.099814754 | V2: =Raw!V2/Raw!V$261/5 -> 1.96512 | W2: =Raw!W2/Raw!W$261 -> 0.089702769 | X2: =Raw!X2/Raw!X$261 -> 0.53485019 | Y2: =Raw!Y2/Raw!Y$261 -> -0.32593542 | Z2: =Raw!Z2/Raw!Z$261 -> -0.054982492 | AA2: =Raw!AA2/Raw!AA$261 -> -0.30489733 | AB2: =Raw!AB2/Raw!AB$261 -> 1.0717405 | AC2: =Raw!AC2/Raw!AC$261/3 -> -0.072542113 | AD2: =Raw!AD2/Raw!AD$261/10 -> 0.42950651 | AE2: =Raw!AE2/Raw!AE$261/3 -> 0.15721969
A3: =Raw!A3 -> 937 | B3: =Raw!B3/Raw!B$261 -> 0.0002178795 | C3: =Raw!C3/Raw!C$261 -> 0.06222723 | D3: =Raw!D3/Raw!D$261 -> 0.36725979 | E3: =Raw!E3/Raw!E$261 -> -0.52251412 | F3: =Raw!F3/Raw!F$261 -> 0.013789832 | G3: =Raw!G3/Raw!G$261 -> 0.35836217 | H3: =Raw!H3/Raw!H$261 -> -0.18312539 | I3: =Raw!I3/Raw!I$261 -> -0.068586055 | ... U3: =Raw!U3/Raw!U$261 -> 0.27740521 | V3: =Raw!V3/Raw!V$261/5 -> 2.0265049 | W3: =Raw!W3/Raw!W$261 -> -0.16604228 | X3: =Raw!X3/Raw!X$261 -> 0.79517578 | Y3: =Raw!Y3/Raw!Y$261 -> -0.19610178 | Z3: =Raw!Z3/Raw!Z$261 -> 0.2450439 | AA3: =Raw!AA3/Raw!AA$261 -> -0.29378795 | AB3: =Raw!AB3/Raw!AB$261 -> 1.1817779 | AC3: =Raw!AC3/Raw!AC$261/3 -> 0.12826913 | AD3: =Raw!AD3/Raw!AD$261/10 -> 0.48664944 | AE3: =Raw!AE3/Raw!AE$261/3 -> 0.085652657
A4: =Raw!A4 -> 939 | B4: =Raw!B4/Raw!B$261 -> 0.035536225 | C4: =Raw!C4/Raw!C$261 -> -0.043324191 | D4: =Raw!D4/Raw!D$261 -> 0.21851441 | E4: =Raw!E4/Raw!E$261 -> -0.30105314 | F4: =Raw!F4/Raw!F$261 -> 0.01997842 | G4: =Raw!G4/Raw!G$261 -> 0.1842248 | H4: =Raw!H4/Raw!H$261 -> -0.044995706 | I4: =Raw!I4/Raw!I$261 -> 0.12764109 | ... U4: =Raw!U4/Raw!U$261 -> 0.14313466 | V4: =Raw!V4/Raw!V$261/5 -> 1.8967698 | W4: =Raw!W4/Raw!W$261 -> -0.095809121 | X4: =Raw!X4/Raw!X$261 -> 0.35802588 | Y4: =Raw!Y4/Raw!Y$261 -> -0.20301186 | Z4: =Raw!Z4/Raw!Z$261 -> 0.24231172 | AA4: =Raw!AA4/Raw!AA$261 -> -0.036815002 | AB4: =Raw!AB4/Raw!AB$261 -> -0.0041073076 | AC4: =Raw!AC4/Raw!AC$261/3 -> 0.1563701 | AD4: =Raw!AD4/Raw!AD$261/10 -> 0.3841453 | AE4: =Raw!AE4/Raw!AE$261/3 -> 0.11292497
A5: =Raw!A5 -> 941 | B5: =Raw!B5/Raw!B$261 -> 0.020522073 | C5: =Raw!C5/Raw!C$261 -> 0.016935293 | D5: =Raw!D5/Raw!D$261 -> 0.026740765 | E5: =Raw!E5/Raw!E$261 -> -0.040028045 | F5: =Raw!F5/Raw!F$261 -> 0.02407512 | G5: =Raw!G5/Raw!G$261 -> 0.010234468 | H5: =Raw!H5/Raw!H$261 -> 0.057125424 | I5: =Raw!I5/Raw!I$261 -> 0.20167057 | ... U5: =Raw!U5/Raw!U$261 -> 0.093715224 | V5: =Raw!V5/Raw!V$261/5 -> -0.67336911 | W5: =Raw!W5/Raw!W$261 -> -0.0041794664 | X5: =Raw!X5/Raw!X$261 -> 0.44894451 | Y5: =Raw!Y5/Raw!Y$261 -> -0.14566528 | Z5: =Raw!Z5/Raw!Z$261 -> 0.22216691 | AA5: =Raw!AA5/Raw!AA$261 -> 0.42701543 | AB5: =Raw!AB5/Raw!AB$261 -> -0.0091878509 | AC5: =Raw!AC5/Raw!AC$261/3 -> 0.26790812 | AD5: =Raw!AD5/Raw!AD$261/10 -> 0.33581229 | AE5: =Raw!AE5/Raw!AE$261/3 -> 0.14647754
A6: =Raw!A6 -> 943 | B6: =Raw!B6/Raw!B$261 -> -0.049280622 | C6: =Raw!C6/Raw!C$261 -> 0.051663939 | D6: =Raw!D6/Raw!D$261 -> 0.036277151 | E6: =Raw!E6/Raw!E$261 -> 0.053089682 | F6: =Raw!F6/Raw!F$261 -> 0.019689138 | G6: =Raw!G6/Raw!G$261 -> 0.061723128 | H6: =Raw!H6/Raw!H$261 -> 0.16599217 | I6: =Raw!I6/Raw!I$261 -> 0.23780441 | ... U6: =Raw!U6/Raw!U$261 -> 0.24147663 | V6: =Raw!V6/Raw!V$261/5 -> -1.0288855 | W6: =Raw!W6/Raw!W$261 -> -0.06359558 | X6: =Raw!X6/Raw!X$261 -> 0.62743176 | Y6: =Raw!Y6/Raw!Y$261 -> -0.15670262 | Z6: =Raw!Z6/Raw!Z$261 -> 0.12477555 | AA6: =Raw!AA6/Raw!AA$261 -> 0.1367211 | AB6: =Raw!AB6/Raw!AB$261 -> -0.19745347 | AC6: =Raw!AC6/Raw!AC$261/3 -> 0.35475377 | AD6: =Raw!AD6/Raw!AD$261/10 -> 0.50462342 | AE6: =Raw!AE6/Raw!AE$261/3 -> 0.20295238
A7: =Raw!A7 -> 945 | B7: =Raw!B7/Raw!B$261 -> -0.0048378046 | C7: =Raw!C7/Raw!C$261 -> 0.15333914 | D7: =Raw!D7/Raw!D$261 -> 0.059035061 | E7: =Raw!E7/Raw!E$261 -> 0.11801447 | F7: =Raw!F7/Raw!F$261 -> 0.014882257 | G7: =Raw!G7/Raw!G$261 -> 0.087769097 | H7: =Raw!H7/Raw!H$261 -> 0.13557647 | I7: =Raw!I7/Raw!I$261 -> 0.28094647 | ... U7: =Raw!U7/Raw!U$261 -> 0.22355909 | V7: =Raw!V7/Raw!V$261/5 -> -0.38313407 | W7: =Raw!W7/Raw!W$261 -> -0.076079937 | X7: =Raw!X7/Raw!X$261 -> 0.82302333 | Y7: =Raw!Y7/Raw!Y$261 -> -0.13882317 | Z7: =Raw!Z7/Raw!Z$261 -> 0.021044332 | AA7: =Raw!AA7/Raw!AA$261 -> -0.037734214 | AB7: =Raw!AB7/Raw!AB$261 -> 0.3443449 | AC7: =Raw!AC7/Raw!AC$261/3 -> 0.37059025 | AD7: =Raw!AD7/Raw!AD$261/10 -> 0.58044192 | AE7: =Raw!AE7/Raw!AE$261/3 -> 0.24498533
A8: =Raw!A8 -> 947 | B8: =Raw!B8/Raw!B$261 -> 0.065966769 | C8: =Raw!C8/Raw!C$261 -> 0.12018871 | D8: =Raw!D8/Raw!D$261 -> 0.051328523 | E8: =Raw!E8/Raw!E$261 -> 0.27586809 | F8: =Raw!F8/Raw!F$261 -> -0.0094786839 | G8: =Raw!G8/Raw!G$261 -> 0.14865885 | H8: =Raw!H8/Raw!H$261 -> 0.11859424 | I8: =Raw!I8/Raw!I$261 -> 0.29083503 | ... U8: =Raw!U8/Raw!U$261 -> 0.20965776 | V8: =Raw!V8/Raw!V$261/5 -> -0.1320252 | W8: =Raw!W8/Raw!W$261 -> -0.058911246 | X8: =Raw!X8/Raw!X$261 -> 0.93278083 | Y8: =Raw!Y8/Raw!Y$261 -> -0.12025311 | Z8: =Raw!Z8/Raw!Z$261 -> 0.1297271 | AA8: =Raw!AA8/Raw!AA$261 -> 0.065666065 | AB8: =Raw!AB8/Raw!AB$261 -> 0.4778632 | AC8: =Raw!AC8/Raw!AC$261/3 -> 0.37127832 | AD8: =Raw!AD8/Raw!AD$261/10 -> 0.6016124 | AE8: =Raw!AE8/Raw!AE$261/3 -> 0.24089022
A9: =Raw!A9 -> 949 | B9: =Raw!B9/Raw!B$261 -> 0.083444093 | C9: =Raw!C9/Raw!C$261 -> 0.1012319 | D9: =Raw!D9/Raw!D$261 -> 0.085317777 | E9: =Raw!E9/Raw!E$261 -> 0.22469014 | F9: =Raw!F9/Raw!F$261 -> -0.0091441946 | G9: =Raw!G9/Raw!G$261 -> 0.075008689 | H9: =Raw!H9/Raw!H$261 -> 0.15920459 | I9: =Raw!I9/Raw!I$261 -> 0.33414501 | ... U9: =Raw!U9/Raw!U$261 -> 0.1777458 | V9: =Raw!V9/Raw!V$261/5 -> 0.17511394 | W9: =Raw!W9/Raw!W$261 -> -0.022947723 | X9: =Raw!X9/Raw!X$261 -> 0.90592662 | Y9: =Raw!Y9/Raw!Y$261 -> -0.048641092 | Z9: =Raw!Z9/Raw!Z$261 -> 0.23061507 | AA9: =Raw!AA9/Raw!AA$261 -> -0.005949264 | AB9: =Raw!AB9/Raw!AB$261 -> 0.5018876 | AC9: =Raw!AC9/Raw!AC$261/3 -> 0.40310394 | AD9: =Raw!AD9/Raw!AD$261/10 -> 0.62235273 | AE9: =Raw!AE9/Raw!AE$261/3 -> 0.23544362
A10: =Raw!A10 -> 951 | B10: =Raw!B10/Raw!B$261 -> 0.086311656 | C10: =Raw!C10/Raw!C$261 -> 0.13849014 | D10: =Raw!D10/Raw!D$261 -> 0.087659908 | E10: =Raw!E10/Raw!E$261 -> 0.26152209 | F10: =Raw!F10/Raw!F$261 -> 0.014039143 | G10: =Raw!G10/Raw!G$261 -> 0.11674796 | H10: =Raw!H10/Raw!H$261 -> 0.16039529 | I10: =Raw!I10/Raw!I$261 -> 0.32108536 | ... U10: =Raw!U10/Raw!U$261 -> 0.21763575 | V10: =Raw!V10/Raw!V$261/5 -> 0.34894263 | W10: =Raw!W10/Raw!W$261 -> 0.022983794 | X10: =Raw!X10/Raw!X$261 -> 0.88993817 | Y10: =Raw!Y10/Raw!Y$261 -> -0.019513132 | Z10: =Raw!Z10/Raw!Z$261 -> 0.24717403 | AA10: =Raw!AA10/Raw!AA$261 -> 0.027746766 | AB10: =Raw!AB10/Raw!AB$261 -> 0.57496102 | AC10: =Raw!AC10/Raw!AC$261/3 -> 0.38940138 | AD10: =Raw!AD10/Raw!AD$261/10 -> 0.62390517 | AE10: =Raw!AE10/Raw!AE$261/3 -> 0.23405139
A11: =Raw!A11 -> 953 | B11: =Raw!B11/Raw!B$261 -> 0.095465841 | C11: =Raw!C11/Raw!C$261 -> 0.15205876 | D11: =Raw!D11/Raw!D$261 -> 0.071057024 | E11: =Raw!E11/Raw!E$261 -> 0.26015946 | F11: =Raw!F11/Raw!F$261 -> 0.02093928 | G11: =Raw!G11/Raw!G$261 -> 0.24205746 | H11: =Raw!H11/Raw!H$261 -> 0.14229482 | I11: =Raw!I11/Raw!I$261 -> 0.31422703 | ... U11: =Raw!U11/Raw!U$261 -> 0.24901778 | V11: =Raw!V11/Raw!V$261/5 -> 0.27043015 | W11: =Raw!W11/Raw!W$261 -> 0.052251666 | X11: =Raw!X11/Raw!X$261 -> 0.88747706 | Y11: =Raw!Y11/Raw!Y$261 -> -0.034453915 | Z11: =Raw!Z11/Raw!Z$261 -> 0.30829232 | AA11: =Raw!AA11/Raw!AA$261 -> 0.053652175 | AB11: =Raw!AB11/Raw!AB$261 -> 0.57711716 | AC11: =Raw!AC11/Raw!AC$261/3 -> 0.47045823 | AD11: =Raw!AD11/Raw!AD$261/10 -> 0.6710812 | AE11: =Raw!AE11/Raw!AE$261/3 -> 0.2560605
A12: =Raw!A12 -> 955 | B12: =Raw!B12/Raw!B$261 -> 0.11962818 | C12: =Raw!C12/Raw!C$261 -> 0.16196726 | D12: =Raw!D12/Raw!D$261 -> 0.085402175 | E12: =Raw!E12/Raw!E$261 -> 0.25744097 | F12: =Raw!F12/Raw!F$261 -> 0.022613625 | G12: =Raw!G12/Raw!G$261 -> 0.31022881 | H12: =Raw!H12/Raw!H$261 -> 0.13403014 | I12: =Raw!I12/Raw!I$261 -> 0.30586848 | ... U12: =Raw!U12/Raw!U$261 -> 0.24762187 | V12: =Raw!V12/Raw!V$261/5 -> 0.19165982 | W12: =Raw!W12/Raw!W$261 -> 0.054702324 | X12: =Raw!X12/Raw!X$261 -> 0.91581587 | Y12: =Raw!Y12/Raw!Y$261 -> -0.0022311405 | Z12: =Raw!Z12/Raw!Z$261 -> 0.23721044 | AA12: =Raw!AA12/Raw!AA$261 -> 0.054504959 | AB12: =Raw!AB12/Raw!AB$261 -> 0.50343615 | AC12: =Raw!AC12/Raw!AC$261/3 -> 0.45174373 | AD12: =Raw!AD12/Raw!AD$261/10 -> 0.71904435 | AE12: =Raw!AE12/Raw!AE$261/3 -> 0.27726347
A13: =Raw!A13 -> 957 | B13: =Raw!B13/Raw!B$261 -> 0.1438149 | C13: =Raw!C13/Raw!C$261 -> 0.13324603 | D13: =Raw!D13/Raw!D$261 -> 0.099093588 | E13: =Raw!E13/Raw!E$261 -> 0.13417113 | F13: =Raw!F13/Raw!F$261 -> 0.020612728 | G13: =Raw!G13/Raw!G$261 -> 0.27326616 | H13: =Raw!H13/Raw!H$261 -> 0.18454674 | I13: =Raw!I13/Raw!I$261 -> 0.31130605 | ... U13: =Raw!U13/Raw!U$261 -> 0.26338923 | V13: =Raw!V13/Raw!V$261/5 -> 0.0052565769 | W13: =Raw!W13/Raw!W$261 -> 0.016869494 | X13: =Raw!X13/Raw!X$261 -> 0.94932785 | Y13: =Raw!Y13/Raw!Y$261 -> 0.0028634787 | Z13: =Raw!Z13/Raw!Z$261 -> 0.26737366 | AA13: =Raw!AA13/Raw!AA$261 -> 0.0058893941 | AB13: =Raw!AB13/Raw!AB$261 -> 0.55129978 | AC13: =Raw!AC13/Raw!AC$261/3 -> 0.48230406 | AD13: =Raw!AD13/Raw!AD$261/10 -> 0.743817 | AE13: =Raw!AE13/Raw!AE$261/3 -> 0.28773355
A14: =Raw!A14 -> 959 | B14: =Raw!B14/Raw!B$261 -> 0.13928893 | C14: =Raw!C14/Raw!C$261 -> 0.1358827 | D14: =Raw!D14/Raw!D$261 -> 0.13474608 | E14: =Raw!E14/Raw!E$261 -> 0.027883636 | F14: =Raw!F14/Raw!F$261 -> 0.023481377 | G14: =Raw!G14/Raw!G$261 -> 0.19961933 | H14: =Raw!H14/Raw!H$261 -> 0.2118616 | I14: =Raw!I14/Raw!I$261 -> 0.31462663 | ... U14: =Raw!U14/Raw!U$261 -> 0.26520067 | V14: =Raw!V14/Raw!V$261/5 -> 0.26510495 | W14: =Raw!W14/Raw!W$261 -> -0.00067857466 | X14: =Raw!X14/Raw!X$261 -> 0.89678036 | Y14: =Raw!Y14/Raw!Y$261 -> 0.007041715 | Z14: =Raw!Z14/Raw!Z$261 -> 0.27414361 | AA14: =Raw!AA14/Raw!AA$261 -> 0.092093431 | AB14: =Raw!AB14/Raw!AB$261 -> 0.49774398 | AC14: =Raw!AC14/Raw!AC$261/3 -> 0.5753261 | AD14: =Raw!AD14/Raw!AD$261/10 -> 0.79792191 | AE14: =Raw!AE14/Raw!AE$261/3 -> 0.30297987
A15: =Raw!A15 -> 961 | B15: =Raw!B15/Raw!B$261 -> 0.16192987 | C15: =Raw!C15/Raw!C$261 -> 0.13898028 | D15: =Raw!D15/Raw!D$261 -> 0.13044727 | E15: =Raw!E15/Raw!E$261 -> 0.088944806 | F15: =Raw!F15/Raw!F$261 -> 0.03692379 | G15: =Raw!G15/Raw!G$261 -> 0.17933011 | H15: =Raw!H15/Raw!H$261 -> 0.22502724 | I15: =Raw!I15/Raw!I$261 -> 0.31432545 | ... U15: =Raw!U15/Raw!U$261 -> 0.26735925 | V15: =Raw!V15/Raw!V$261/5 -> -0.11800236 | W15: =Raw!W15/Raw!W$261 -> 0.013195894 | X15: =Raw!X15/Raw!X$261 -> 0.81185669 | Y15: =Raw!Y15/Raw!Y$261 -> -0.02981869 | Z15: =Raw!Z15/Raw!Z$261 -> 0.30339812 | AA15: =Raw!AA15/Raw!AA$261 -> 0.13231761 | AB15: =Raw!AB15/Raw!AB$261 -> 0.46529076 | AC15: =Raw!AC15/Raw!AC$261/3 -> 0.61015953 | AD15: =Raw!AD15/Raw!AD$261/10 -> 0.88610399 | AE15: =Raw!AE15/Raw!AE$261/3 -> 0.31125636 | AG15: In yellow: additional division due to excess intensity -for plotting purposes
A16: =Raw!A16 -> 963 | B16: =Raw!B16/Raw!B$261 -> 0.19774748 | C16: =Raw!C16/Raw!C$261 -> 0.11426171 | D16: =Raw!D16/Raw!D$261 -> 0.14247166 | E16: =Raw!E16/Raw!E$261 -> 0.073542353 | F16: =Raw!F16/Raw!F$261 -> 0.037702185 | G16: =Raw!G16/Raw!G$261 -> 0.18360618 | H16: =Raw!H16/Raw!H$261 -> 0.22021592 | I16: =Raw!I16/Raw!I$261 -> 0.30845432 | ... U16: =Raw!U16/Raw!U$261 -> 0.26034239 | V16: =Raw!V16/Raw!V$261/5 -> -0.19670517 | W16: =Raw!W16/Raw!W$261 -> 0.041388948 | X16: =Raw!X16/Raw!X$261 -> 0.85667054 | Y16: =Raw!Y16/Raw!Y$261 -> -0.026761983 | Z16: =Raw!Z16/Raw!Z$261 -> 0.26658044 | AA16: =Raw!AA16/Raw!AA$261 -> 0.20053307 | AB16: =Raw!AB16/Raw!AB$261 -> 0.49213957 | AC16: =Raw!AC16/Raw!AC$261/3 -> 0.58993929 | AD16: =Raw!AD16/Raw!AD$261/10 -> 0.9314686 | AE16: =Raw!AE16/Raw!AE$261/3 -> 0.29870929 | AG16: S9 z_o | AH16: div 5
A17: =Raw!A17 -> 965 | B17: =Raw!B17/Raw!B$261 -> 0.21860781 | C17: =Raw!C17/Raw!C$261 -> 0.084780924 | D17: =Raw!D17/Raw!D$261 -> 0.15228215 | E17: =Raw!E17/Raw!E$261 -> 0.014466563 | F17: =Raw!F17/Raw!F$261 -> 0.038735031 | G17: =Raw!G17/Raw!G$261 -> 0.16176908 | H17: =Raw!H17/Raw!H$261 -> 0.23766627 | I17: =Raw!I17/Raw!I$261 -> 0.33233876 | ... U17: =Raw!U17/Raw!U$261 -> 0.24280072 | V17: =Raw!V17/Raw!V$261/5 -> -0.10109661 | W17: =Raw!W17/Raw!W$261 -> 0.042807497 | X17: =Raw!X17/Raw!X$261 -> 0.84476957 | Y17: =Raw!Y17/Raw!Y$261 -> -0.032262011 | Z17: =Raw!Z17/Raw!Z$261 -> 0.21749951 | AA17: =Raw!AA17/Raw!AA$261 -> 0.19708995 | AB17: =Raw!AB17/Raw!AB$261 -> 0.58961205 | AC17: =Raw!AC17/Raw!AC$261/3 -> 0.58201865 | AD17: =Raw!AD17/Raw!AD$261/10 -> 0.97879497 | AE17: =Raw!AE17/Raw!AE$261/3 -> 0.31373641 | AG17: S16 z_o | AH17: div 3
A18: =Raw!A18 -> 967 | B18: =Raw!B18/Raw!B$261 -> 0.20564075 | C18: =Raw!C18/Raw!C$261 -> 0.090074604 | D18: =Raw!D18/Raw!D$261 -> 0.1578516 | E18: =Raw!E18/Raw!E$261 -> -0.065919015 | F18: =Raw!F18/Raw!F$261 -> 0.052345683 | G18: =Raw!G18/Raw!G$261 -> 0.20514559 | H18: =Raw!H18/Raw!H$261 -> 0.24144838 | I18: =Raw!I18/Raw!I$261 -> 0.3269098 | ... U18: =Raw!U18/Raw!U$261 -> 0.24155827 | V18: =Raw!V18/Raw!V$261/5 -> 0.17966259 | W18: =Raw!W18/Raw!W$261 -> 0.053731372 | X18: =Raw!X18/Raw!X$261 -> 0.81176145 | Y18: =Raw!Y18/Raw!Y$261 -> -0.02864209 | Z18: =Raw!Z18/Raw!Z$261 -> 0.21691294 | AA18: =Raw!AA18/Raw!AA$261 -> 0.2355147 | AB18: =Raw!AB18/Raw!AB$261 -> 0.58326929 | AC18: =Raw!AC18/Raw!AC$261/3 -> 0.61345749 | AD18: =Raw!AD18/Raw!AD$261/10 -> 1.0593198 | AE18: =Raw!AE18/Raw!AE$261/3 -> 0.3378882 | AG18: S17_z | AH18: div 10
A19: =Raw!A19 -> 969 | B19: =Raw!B19/Raw!B$261 -> 0.1960464 | C19: =Raw!C19/Raw!C$261 -> 0.078759905 | D19: =Raw!D19/Raw!D$261 -> 0.14182366 | E19: =Raw!E19/Raw!E$261 -> 0.057471302 | F19: =Raw!F19/Raw!F$261 -> 0.061889586 | G19: =Raw!G19/Raw!G$261 -> 0.22183674 | H19: =Raw!H19/Raw!H$261 -> 0.22650317 | I19: =Raw!I19/Raw!I$261 -> 0.31533324 | ... U19: =Raw!U19/Raw!U$261 -> 0.25893262 | V19: =Raw!V19/Raw!V$261/5 -> 0.23629303 | W19: =Raw!W19/Raw!W$261 -> 0.049813249 | X19: =Raw!X19/Raw!X$261 -> 0.8829568 | Y19: =Raw!Y19/Raw!Y$261 -> -0.028230451 | Z19: =Raw!Z19/Raw!Z$261 -> 0.26477448 | AA19: =Raw!AA19/Raw!AA$261 -> 0.22173959 | AB19: =Raw!AB19/Raw!AB$261 -> 0.71182423 | AC19: =Raw!AC19/Raw!AC$261/3 -> 0.68052205 | AD19: =Raw!AD19/Raw!AD$261/10 -> 1.140785 | AE19: =Raw!AE19/Raw!AE$261/3 -> 0.34807088 | AG19: S18 z | AH19: div 3
A20: =Raw!A20 -> 971 | B20: =Raw!B20/Raw!B$261 -> 0.23625571 | C20: =Raw!C20/Raw!C$261 -> 0.059714983 | D20: =Raw!D20/Raw!D$261 -> 0.17027788 | E20: =Raw!E20/Raw!E$261 -> 0.067368071 | F20: =Raw!F20/Raw!F$261 -> 0.064927901 | G20: =Raw!G20/Raw!G$261 -> 0.23423864 | H20: =Raw!H20/Raw!H$261 -> 0.23044175 | I20: =Raw!I20/Raw!I$261 -> 0.31635873 | ... U20: =Raw!U20/Raw!U$261 -> 0.28244997 | V20: =Raw!V20/Raw!V$261/5 -> 0.27114448 | W20: =Raw!W20/Raw!W$261 -> 0.056390188 | X20: =Raw!X20/Raw!X$261 -> 0.92947967 | Y20: =Raw!Y20/Raw!Y$261 -> -0.016155443 | Z20: =Raw!Z20/Raw!Z$261 -> 0.26813028 | AA20: =Raw!AA20/Raw!AA$261 -> 0.13992592 | AB20: =Raw!AB20/Raw!AB$261 -> 0.70244085 | AC20: =Raw!AC20/Raw!AC$261/3 -> 0.71968245 | AD20: =Raw!AD20/Raw!AD$261/10 -> 1.1963116 | AE20: =Raw!AE20/Raw!AE$261/3 -> 0.35856659
A21: =Raw!A21 -> 973 | B21: =Raw!B21/Raw!B$261 -> 0.24626326 | C21: =Raw!C21/Raw!C$261 -> 0.076247709 | D21: =Raw!D21/Raw!D$261 -> 0.17800465 | E21: =Raw!E21/Raw!E$261 -> 0.12676999 | F21: =Raw!F21/Raw!F$261 -> 0.05431647 | G21: =Raw!G21/Raw!G$261 -> 0.26249623 | H21: =Raw!H21/Raw!H$261 -> 0.23842817 | I21: =Raw!I21/Raw!I$261 -> 0.33117887 | ... U21: =Raw!U21/Raw!U$261 -> 0.31306038 | V21: =Raw!V21/Raw!V$261/5 -> -0.085109013 | W21: =Raw!W21/Raw!W$261 -> 0.060135115 | X21: =Raw!X21/Raw!X$261 -> 0.89137211 | Y21: =Raw!Y21/Raw!Y$261 -> 0.016330141 | Z21: =Raw!Z21/Raw!Z$261 -> 0.26105872 | AA21: =Raw!AA21/Raw!AA$261 -> 0.12674383 | AB21: =Raw!AB21/Raw!AB$261 -> 0.60418869 | AC21: =Raw!AC21/Raw!AC$261/3 -> 0.74228835 | AD21: =Raw!AD21/Raw!AD$261/10 -> 1.1909206 | AE21: =Raw!AE21/Raw!AE$261/3 -> 0.3631038
A22: =Raw!A22 -> 975 | B22: =Raw!B22/Raw!B$261 -> 0.26806013 | C22: =Raw!C22/Raw!C$261 -> 0.083370334 | D22: =Raw!D22/Raw!D$261 -> 0.189381 | E22: =Raw!E22/Raw!E$261 -> 0.14229657 | F22: =Raw!F22/Raw!F$261 -> 0.055128454 | G22: =Raw!G22/Raw!G$261 -> 0.29394876 | H22: =Raw!H22/Raw!H$261 -> 0.24387665 | I22: =Raw!I22/Raw!I$261 -> 0.3497089 | ... U22: =Raw!U22/Raw!U$261 -> 0.30591852 | V22: =Raw!V22/Raw!V$261/5 -> -0.01226768 | W22: =Raw!W22/Raw!W$261 -> 0.062689501 | X22: =Raw!X22/Raw!X$261 -> 0.87065116 | Y22: =Raw!Y22/Raw!Y$261 -> 0.011115228 | Z22: =Raw!Z22/Raw!Z$261 -> 0.29232375 | AA22: =Raw!AA22/Raw!AA$261 -> 0.18466622 | AB22: =Raw!AB22/Raw!AB$261 -> 0.57380663 | AC22: =Raw!AC22/Raw!AC$261/3 -> 0.74156472 | AD22: =Raw!AD22/Raw!AD$261/10 -> 1.2179151 | AE22: =Raw!AE22/Raw!AE$261/3 -> 0.36639491
A23: =Raw!A23 -> 977 | B23: =Raw!B23/Raw!B$261 -> 0.27971026 | C23: =Raw!C23/Raw!C$261 -> 0.08610976 | D23: =Raw!D23/Raw!D$261 -> 0.18741282 | E23: =Raw!E23/Raw!E$261 -> 0.21844667 | F23: =Raw!F23/Raw!F$261 -> 0.067090495 | G23: =Raw!G23/Raw!G$261 -> 0.28238391 | H23: =Raw!H23/Raw!H$261 -> 0.27020208 | I23: =Raw!I23/Raw!I$261 -> 0.37168446 | ... U23: =Raw!U23/Raw!U$261 -> 0.31555187 | V23: =Raw!V23/Raw!V$261/5 -> 0.15585163 | W23: =Raw!W23/Raw!W$261 -> 0.075760448 | X23: =Raw!X23/Raw!X$261 -> 0.870351 | Y23: =Raw!Y23/Raw!Y$261 -> 0.0045951472 | Z23: =Raw!Z23/Raw!Z$261 -> 0.2782475 | AA23: =Raw!AA23/Raw!AA$261 -> 0.21120379 | AB23: =Raw!AB23/Raw!AB$261 -> 0.70568673 | AC23: =Raw!AC23/Raw!AC$261/3 -> 0.75522981 | AD23: =Raw!AD23/Raw!AD$261/10 -> 1.2615763 | AE23: =Raw!AE23/Raw!AE$261/3 -> 0.37318274
A24: =Raw!A24 -> 979 | B24: =Raw!B24/Raw!B$261 -> 0.29801493 | C24: =Raw!C24/Raw!C$261 -> 0.078564356 | D24: =Raw!D24/Raw!D$261 -> 0.1870327 | E24: =Raw!E24/Raw!E$261 -> 0.17069836 | F24: =Raw!F24/Raw!F$261 -> 0.076589447 | G24: =Raw!G24/Raw!G$261 -> 0.26889957 | H24: =Raw!H24/Raw!H$261 -> 0.28351384 | I24: =Raw!I24/Raw!I$261 -> 0.38269631 | ... U24: =Raw!U24/Raw!U$261 -> 0.35011291 | V24: =Raw!V24/Raw!V$261/5 -> 0.2401498 | W24: =Raw!W24/Raw!W$261 -> 0.079866077 | X24: =Raw!X24/Raw!X$261 -> 0.91017157 | Y24: =Raw!Y24/Raw!Y$261 -> -0.0043048696 | Z24: =Raw!Z24/Raw!Z$261 -> 0.27499618 | AA24: =Raw!AA24/Raw!AA$261 -> 0.21643095 | AB24: =Raw!AB24/Raw!AB$261 -> 0.76047813 | AC24: =Raw!AC24/Raw!AC$261/3 -> 0.77044206 | AD24: =Raw!AD24/Raw!AD$261/10 -> 1.2957123 | AE24: =Raw!AE24/Raw!AE$261/3 -> 0.38240304
A25: =Raw!A25 -> 981 | B25: =Raw!B25/Raw!B$261 -> 0.34009868 | C25: =Raw!C25/Raw!C$261 -> 0.075057494 | D25: =Raw!D25/Raw!D$261 -> 0.20710766 | E25: =Raw!E25/Raw!E$261 -> 0.21708062 | F25: =Raw!F25/Raw!F$261 -> 0.086159526 | G25: =Raw!G25/Raw!G$261 -> 0.2714687 | H25: =Raw!H25/Raw!H$261 -> 0.29125086 | I25: =Raw!I25/Raw!I$261 -> 0.36615241 | ... U25: =Raw!U25/Raw!U$261 -> 0.3629933 | V25: =Raw!V25/Raw!V$261/5 -> 0.20421281 | W25: =Raw!W25/Raw!W$261 -> 0.08760706 | X25: =Raw!X25/Raw!X$261 -> 0.94039268 | Y25: =Raw!Y25/Raw!Y$261 -> -0.0022320548 | Z25: =Raw!Z25/Raw!Z$261 -> 0.27963639 | AA25: =Raw!AA25/Raw!AA$261 -> 0.2980965 | AB25: =Raw!AB25/Raw!AB$261 -> 0.78515523 | AC25: =Raw!AC25/Raw!AC$261/3 -> 0.7919805 | AD25: =Raw!AD25/Raw!AD$261/10 -> 1.332739 | AE25: =Raw!AE25/Raw!AE$261/3 -> 0.38962143
A26: =Raw!A26 -> 983 | B26: =Raw!B26/Raw!B$261 -> 0.36094528 | C26: =Raw!C26/Raw!C$261 -> 0.063886941 | D26: =Raw!D26/Raw!D$261 -> 0.2019629 | E26: =Raw!E26/Raw!E$261 -> 0.24852403 | F26: =Raw!F26/Raw!F$261 -> 0.087128558 | G26: =Raw!G26/Raw!G$261 -> 0.30214004 | H26: =Raw!H26/Raw!H$261 -> 0.29574207 | I26: =Raw!I26/Raw!I$261 -> 0.35327628 | ... U26: =Raw!U26/Raw!U$261 -> 0.37561541 | V26: =Raw!V26/Raw!V$261/5 -> 0.18053265 | W26: =Raw!W26/Raw!W$261 -> 0.096169525 | X26: =Raw!X26/Raw!X$261 -> 0.92762893 | Y26: =Raw!Y26/Raw!Y$261 -> 0.0080979022 | Z26: =Raw!Z26/Raw!Z$261 -> 0.29083663 | AA26: =Raw!AA26/Raw!AA$261 -> 0.3440496 | AB26: =Raw!AB26/Raw!AB$261 -> 0.82193526 | AC26: =Raw!AC26/Raw!AC$261/3 -> 0.83728967 | AD26: =Raw!AD26/Raw!AD$261/10 -> 1.3306873 | AE26: =Raw!AE26/Raw!AE$261/3 -> 0.39839902
A27: =Raw!A27 -> 985 | B27: =Raw!B27/Raw!B$261 -> 0.37578798 | C27: =Raw!C27/Raw!C$261 -> 0.058090584 | D27: =Raw!D27/Raw!D$261 -> 0.18193638 | E27: =Raw!E27/Raw!E$261 -> 0.24686365 | F27: =Raw!F27/Raw!F$261 -> 0.09043052 | G27: =Raw!G27/Raw!G$261 -> 0.28570633 | H27: =Raw!H27/Raw!H$261 -> 0.30251748 | I27: =Raw!I27/Raw!I$261 -> 0.36736421 | ... U27: =Raw!U27/Raw!U$261 -> 0.39413333 | V27: =Raw!V27/Raw!V$261/5 -> 0.088837956 | W27: =Raw!W27/Raw!W$261 -> 0.083117863 | X27: =Raw!X27/Raw!X$261 -> 0.94448592 | Y27: =Raw!Y27/Raw!Y$261 -> 0.0089427001 | Z27: =Raw!Z27/Raw!Z$261 -> 0.31312941 | AA27: =Raw!AA27/Raw!AA$261 -> 0.31791143 | AB27: =Raw!AB27/Raw!AB$261 -> 0.80115642 | AC27: =Raw!AC27/Raw!AC$261/3 -> 0.87793263 | AD27: =Raw!AD27/Raw!AD$261/10 -> 1.3296231 | AE27: =Raw!AE27/Raw!AE$261/3 -> 0.40889095
A28: =Raw!A28 -> 987 | B28: =Raw!B28/Raw!B$261 -> 0.37979064 | C28: =Raw!C28/Raw!C$261 -> 0.066965875 | D28: =Raw!D28/Raw!D$261 -> 0.16712504 | E28: =Raw!E28/Raw!E$261 -> 0.23184969 | F28: =Raw!F28/Raw!F$261 -> 0.090281956 | G28: =Raw!G28/Raw!G$261 -> 0.30119511 | H28: =Raw!H28/Raw!H$261 -> 0.30014664 | I28: =Raw!I28/Raw!I$261 -> 0.36654209 | ... U28: =Raw!U28/Raw!U$261 -> 0.40959831 | V28: =Raw!V28/Raw!V$261/5 -> 0.10888707 | W28: =Raw!W28/Raw!W$261 -> 0.089515744 | X28: =Raw!X28/Raw!X$261 -> 0.93059456 | Y28: =Raw!Y28/Raw!Y$261 -> 0.027794781 | Z28: =Raw!Z28/Raw!Z$261 -> 0.30718048 | AA28: =Raw!AA28/Raw!AA$261 -> 0.29035459 | AB28: =Raw!AB28/Raw!AB$261 -> 0.70621757 | AC28: =Raw!AC28/Raw!AC$261/3 -> 0.89675966 | AD28: =Raw!AD28/Raw!AD$261/10 -> 1.2697559 | AE28: =Raw!AE28/Raw!AE$261/3 -> 0.41869312
A29: =Raw!A29 -> 989 | B29: =Raw!B29/Raw!B$261 -> 0.40272617 | C29: =Raw!C29/Raw!C$261 -> 0.062112886 | D29: =Raw!D29/Raw!D$261 -> 0.16668387 | E29: =Raw!E29/Raw!E$261 -> 0.18946589 | F29: =Raw!F29/Raw!F$261 -> 0.089270797 | G29: =Raw!G29/Raw!G$261 -> 0.31191701 | H29: =Raw!H29/Raw!H$261 -> 0.30254768 | I29: =Raw!I29/Raw!I$261 -> 0.35472642 | ... U29: =Raw!U29/Raw!U$261 -> 0.4069173 | V29: =Raw!V29/Raw!V$261/5 -> 0.17088348 | W29: =Raw!W29/Raw!W$261 -> 0.086817857 | X29: =Raw!X29/Raw!X$261 -> 0.9110704 | Y29: =Raw!Y29/Raw!Y$261 -> 0.013628841 | Z29: =Raw!Z29/Raw!Z$261 -> 0.29179914 | AA29: =Raw!AA29/Raw!AA$261 -> 0.29792023 | AB29: =Raw!AB29/Raw!AB$261 -> 0.6178527 | AC29: =Raw!AC29/Raw!AC$261/3 -> 0.91134447 | AD29: =Raw!AD29/Raw!AD$261/10 -> 1.1608519 | AE29: =Raw!AE29/Raw!AE$261/3 -> 0.4311802
A30: =Raw!A30 -> 991 | B30: =Raw!B30/Raw!B$261 -> 0.42651529 | C30: =Raw!C30/Raw!C$261 -> 0.058694731 | D30: =Raw!D30/Raw!D$261 -> 0.16210685 | E30: =Raw!E30/Raw!E$261 -> 0.24104211 | F30: =Raw!F30/Raw!F$261 -> 0.094903152 | G30: =Raw!G30/Raw!G$261 -> 0.32594554 | H30: =Raw!H30/Raw!H$261 -> 0.30446748 | I30: =Raw!I30/Raw!I$261 -> 0.35734989 | ... U30: =Raw!U30/Raw!U$261 -> 0.41042749 | V30: =Raw!V30/Raw!V$261/5 -> 0.29469733 | W30: =Raw!W30/Raw!W$261 -> 0.095105171 | X30: =Raw!X30/Raw!X$261 -> 0.94199052 | Y30: =Raw!Y30/Raw!Y$261 -> 0.016143389 | Z30: =Raw!Z30/Raw!Z$261 -> 0.32311308 | AA30: =Raw!AA30/Raw!AA$261 -> 0.34346851 | AB30: =Raw!AB30/Raw!AB$261 -> 0.66031195 | AC30: =Raw!AC30/Raw!AC$261/3 -> 0.93530247 | AD30: =Raw!AD30/Raw!AD$261/10 -> 1.0760217 | AE30: =Raw!AE30/Raw!AE$261/3 -> 0.43657773
A31: =Raw!A31 -> 993 | B31: =Raw!B31/Raw!B$261 -> 0.44295303 | C31: =Raw!C31/Raw!C$261 -> 0.060512017 | D31: =Raw!D31/Raw!D$261 -> 0.14225131 | E31: =Raw!E31/Raw!E$261 -> 0.28828868 | F31: =Raw!F31/Raw!F$261 -> 0.097463515 | G31: =Raw!G31/Raw!G$261 -> 0.34062111 | H31: =Raw!H31/Raw!H$261 -> 0.29910362 | I31: =Raw!I31/Raw!I$261 -> 0.34780108 | ... U31: =Raw!U31/Raw!U$261 -> 0.41591646 | V31: =Raw!V31/Raw!V$261/5 -> 0.28934384 | W31: =Raw!W31/Raw!W$261 -> 0.11867605 | X31: =Raw!X31/Raw!X$261 -> 0.97301207 | Y31: =Raw!Y31/Raw!Y$261 -> 0.014980971 | Z31: =Raw!Z31/Raw!Z$261 -> 0.32837373 | AA31: =Raw!AA31/Raw!AA$261 -> 0.39712603 | AB31: =Raw!AB31/Raw!AB$261 -> 0.59081907 | AC31: =Raw!AC31/Raw!AC$261/3 -> 0.93877753 | AD31: =Raw!AD31/Raw!AD$261/10 -> 0.96757182 | AE31: =Raw!AE31/Raw!AE$261/3 -> 0.43800586
... A589: =Raw!A589 -> 2995 | B589: =Raw!B589/Raw!B$261 -> 0.56212237 | C589: =Raw!C589/Raw!C$261 -> -1.2774699 | D589: =Raw!D589/Raw!D$261 -> -0.59535447 | E589: =Raw!E589/Raw!E$261 -> -2.7597604 | F589: =Raw!F589/Raw!F$261 -> -0.29663978 | G589: =Raw!G589/Raw!G$261 -> -0.15786862 | H589: =Raw!H589/Raw!H$261 -> 0.34585393 | I589: =Raw!I589/Raw!I$261 -> 0.60265231 | ... U589: =Raw!U589/Raw!U$261 -> 0.34301266 | V589: =Raw!V589/Raw!V$261/5 -> -8.0762005 | W589: =Raw!W589/Raw!W$261 -> -0.47131935 | X589: =Raw!X589/Raw!X$261 -> 1.9871566 | Y589: =Raw!Y589/Raw!Y$261 -> -0.0648415 | Z589: =Raw!Z589/Raw!Z$261 -> -0.92108321 | AA589: =Raw!AA589/Raw!AA$261 -> 0.4110563 | AB589: =Raw!AB589/Raw!AB$261 -> -0.70602427 | AC589: =Raw!AC589/Raw!AC$261/3 -> 1.0014719 | AD589: =Raw!AD589/Raw!AD$261/10 -> 0.76349198 | AE589: =Raw!AE589/Raw!AE$261/3 -> -0.17060542

Sheet plot
A1: =Normalization!A1 -> X value [cmâ»Â¹] | B1: =Normalization!B1 -> S4_n1_o/O-PTIR (mV) [] | C1: =Normalization!C1 -> S5_n1_o/O-PTIR (mV) [] | D1: =Normalization!D1 -> S6_n1_o/O-PTIR (mV) [] | E1: =Normalization!E1 -> S1_n3_z_o/O-PTIR (mV) [] | F1: =Normalization!F1 -> S2_n3_z_o/O-PTIR (mV) [] | G1: =Normalization!G1 -> S1_n3_zz_o/O-PTIR (mV) [] | H1: =Normalization!H1 -> S3_n3_zz_o/O-PTIR (mV) [] | ... P1: =Normalization!P1 -> S3_n3_z/O-PTIR (mV) [] | Q1: =Normalization!R1 -> S5_n3_z_o/O-PTIR (mV) [] | R1: =Normalization!S1 -> S6_n3_z_o/O-PTIR (mV) [] | S1: =Normalization!T1 -> S7_n3_z_o/O-PTIR (mV) [] | T1: =Normalization!U1 -> S8_n3_z_o/O-PTIR (mV) [] | U1: =Normalization!X1 -> S11_n3_z_o/O-PTIR (mV) [] | V1: =Normalization!Y1 -> S12_n3_z_o/O-PTIR (mV) [] | W1: =Normalization!Z1 -> S13_n3_z_o/O-PTIR (mV) [] | X1: =Normalization!AA1 -> S14_n3_z_o/O-PTIR (mV) [] | Y1: =Normalization!AB1 -> S15_n3_z_o/O-PTIR (mV) [] | Z1: =Normalization!AC1 -> S16_n3_z/O-PTIR (mV) [] | AA1: =Normalization!AE1 -> S18_n3_z/O-PTIR (mV) [] | AB1: =Normalization!Q1 -> S4_n3_z_o/O-PTIR (mV) [] | AC1: =Normalization!W1 -> S10_n3_z_o/O-PTIR (mV) [] | AD1: =Normalization!AD1 -> S17_n3_z/O-PTIR (mV) [] | AE1: =Normalization!V1 -> S9_n3_z_o/O-PTIR (mV) []
A2: =Normalization!A2 -> 935 | B2: =Normalization!B2+plot!AH$4 -> 0.92057198 | C2: =Normalization!C2+plot!AI$4 -> 2.04803 | D2: =Normalization!D2+plot!AJ$4 -> 3.1531942 | E2: =Normalization!E2+plot!AK$4 -> 3.96498 | F2: =Normalization!F2+plot!AL$4 -> 5.0031335 | G2: =Normalization!G2+plot!AM$4 -> 5.9598436 | H2: =Normalization!H2+plot!AN$4 -> 6.7748498 | I2: =Normalization!I2+plot!AO$4 -> 8.1475558 | ... P2: =Normalization!P2+plot!AV$4 -> 14.321699 | Q2: =Normalization!R2+plot!AW$4 -> 15.866034 | R2: =Normalization!S2+plot!AX$4 -> 16.929819 | S2: =Normalization!T2+plot!AY$4 -> 18.116097 | T2: =Normalization!U2+plot!AZ$4 -> 19.099815 | U2: =Normalization!X2+plot!BA$4 -> 20.53485 | V2: =Normalization!Y2+plot!BB$4 -> 20.674065 | W2: =Normalization!Z2+plot!BC$4 -> 21.945018 | X2: =Normalization!AA2+plot!BD$4 -> 22.695103 | Y2: =Normalization!AB2+plot!BE$4 -> 25.07174 | Z2: =Normalization!AC2+plot!BF$4 -> 24.927458 | AA2: =Normalization!AE2+plot!BG$4 -> 26.15722 | AB2: =Normalization!Q2+plot!BH$4 -> 26.667146 | AC2: =Normalization!W2+plot!BI$4 -> 28.089703 | AD2: =Normalization!AD2+plot!BJ$4 -> 29.429507 | AE2: =Normalization!V2+plot!BK$4 -> 31.96512
A3: =Normalization!A3 -> 937 | B3: =Normalization!B3+plot!AH$4 -> 1.0002179 | C3: =Normalization!C3+plot!AI$4 -> 2.0622272 | D3: =Normalization!D3+plot!AJ$4 -> 3.3672598 | E3: =Normalization!E3+plot!AK$4 -> 3.4774859 | F3: =Normalization!F3+plot!AL$4 -> 5.0137898 | G3: =Normalization!G3+plot!AM$4 -> 6.3583622 | H3: =Normalization!H3+plot!AN$4 -> 6.8168746 | I3: =Normalization!I3+plot!AO$4 -> 7.9314139 | ... P3: =Normalization!P3+plot!AV$4 -> 13.983948 | Q3: =Normalization!R3+plot!AW$4 -> 15.836575 | R3: =Normalization!S3+plot!AX$4 -> 16.870539 | S3: =Normalization!T3+plot!AY$4 -> 17.963159 | T3: =Normalization!U3+plot!AZ$4 -> 19.277405 | U3: =Normalization!X3+plot!BA$4 -> 20.795176 | V3: =Normalization!Y3+plot!BB$4 -> 20.803898 | W3: =Normalization!Z3+plot!BC$4 -> 22.245044 | X3: =Normalization!AA3+plot!BD$4 -> 22.706212 | Y3: =Normalization!AB3+plot!BE$4 -> 25.181778 | Z3: =Normalization!AC3+plot!BF$4 -> 25.128269 | AA3: =Normalization!AE3+plot!BG$4 -> 26.085653 | AB3: =Normalization!Q3+plot!BH$4 -> 26.878408 | AC3: =Normalization!W3+plot!BI$4 -> 27.833958 | AD3: =Normalization!AD3+plot!BJ$4 -> 29.486649 | AE3: =Normalization!V3+plot!BK$4 -> 32.026505
A4: =Normalization!A4 -> 939 | B4: =Normalization!B4+plot!AH$4 -> 1.0355362 | C4: =Normalization!C4+plot!AI$4 -> 1.9566758 | D4: =Normalization!D4+plot!AJ$4 -> 3.2185144 | E4: =Normalization!E4+plot!AK$4 -> 3.6989469 | F4: =Normalization!F4+plot!AL$4 -> 5.0199784 | G4: =Normalization!G4+plot!AM$4 -> 6.1842248 | H4: =Normalization!H4+plot!AN$4 -> 6.9550043 | I4: =Normalization!I4+plot!AO$4 -> 8.1276411 | ... P4: =Normalization!P4+plot!AV$4 -> 14.981506 | Q4: =Normalization!R4+plot!AW$4 -> 16.051193 | R4: =Normalization!S4+plot!AX$4 -> 16.839007 | S4: =Normalization!T4+plot!AY$4 -> 17.855874 | T4: =Normalization!U4+plot!AZ$4 -> 19.143135 | U4: =Normalization!X4+plot!BA$4 -> 20.358026 | V4: =Normalization!Y4+plot!BB$4 -> 20.796988 | W4: =Normalization!Z4+plot!BC$4 -> 22.242312 | X4: =Normalization!AA4+plot!BD$4 -> 22.963185 | Y4: =Normalization!AB4+plot!BE$4 -> 23.995893 | Z4: =Normalization!AC4+plot!BF$4 -> 25.15637 | AA4: =Normalization!AE4+plot!BG$4 -> 26.112925 | AB4: =Normalization!Q4+plot!BH$4 -> 26.590141 | AC4: =Normalization!W4+plot!BI$4 -> 27.904191 | AD4: =Normalization!AD4+plot!BJ$4 -> 29.384145 | AE4: =Normalization!V4+plot!BK$4 -> 31.89677 | AG4: Numbers to shift | AH4: 1 | AI4: 2 | AJ4: 3 | AK4: 4 | AL4: 5 | AM4: 6 | AN4: 7 | AO4: 8 | AP4: 9 | AQ4: 10 | AR4: 11 | AS4: 12 | AT4: 13 | AU4: 14 | AV4: 15 | AW4: 16 | AX4: 17 | AY4: 18 | AZ4: 19 | BA4: 20 | BB4: 21 | BC4: 22 | BD4: 23 | BE4: 24 | BF4: 25 | BG4: 26 | BH4: 27 | BI4: 28 | BJ4: 29 | BK4: 30
A5: =Normalization!A5 -> 941 | B5: =Normalization!B5+plot!AH$4 -> 1.0205221 | C5: =Normalization!C5+plot!AI$4 -> 2.0169353 | D5: =Normalization!D5+plot!AJ$4 -> 3.0267408 | E5: =Normalization!E5+plot!AK$4 -> 3.959972 | F5: =Normalization!F5+plot!AL$4 -> 5.0240751 | G5: =Normalization!G5+plot!AM$4 -> 6.0102345 | H5: =Normalization!H5+plot!AN$4 -> 7.0571254 | I5: =Normalization!I5+plot!AO$4 -> 8.2016706 | ... P5: =Normalization!P5+plot!AV$4 -> 14.839079 | Q5: =Normalization!R5+plot!AW$4 -> 16.090788 | R5: =Normalization!S5+plot!AX$4 -> 17.230265 | S5: =Normalization!T5+plot!AY$4 -> 17.927235 | T5: =Normalization!U5+plot!AZ$4 -> 19.093715 | U5: =Normalization!X5+plot!BA$4 -> 20.448945 | V5: =Normalization!Y5+plot!BB$4 -> 20.854335 | W5: =Normalization!Z5+plot!BC$4 -> 22.222167 | X5: =Normalization!AA5+plot!BD$4 -> 23.427015 | Y5: =Normalization!AB5+plot!BE$4 -> 23.990812 | Z5: =Normalization!AC5+plot!BF$4 -> 25.267908 | AA5: =Normalization!AE5+plot!BG$4 -> 26.146478 | AB5: =Normalization!Q5+plot!BH$4 -> 26.920397 | AC5: =Normalization!W5+plot!BI$4 -> 27.995821 | AD5: =Normalization!AD5+plot!BJ$4 -> 29.335812 | AE5: =Normalization!V5+plot!BK$4 -> 29.326631
A6: =Normalization!A6 -> 943 | B6: =Normalization!B6+plot!AH$4 -> 0.95071938 | C6: =Normalization!C6+plot!AI$4 -> 2.0516639 | D6: =Normalization!D6+plot!AJ$4 -> 3.0362772 | E6: =Normalization!E6+plot!AK$4 -> 4.0530897 | F6: =Normalization!F6+plot!AL$4 -> 5.0196891 | G6: =Normalization!G6+plot!AM$4 -> 6.0617231 | H6: =Normalization!H6+plot!AN$4 -> 7.1659922 | I6: =Normalization!I6+plot!AO$4 -> 8.2378044 | ... P6: =Normalization!P6+plot!AV$4 -> 14.857571 | Q6: =Normalization!R6+plot!AW$4 -> 16.077072 | R6: =Normalization!S6+plot!AX$4 -> 17.146532 | S6: =Normalization!T6+plot!AY$4 -> 17.955642 | T6: =Normalization!U6+plot!AZ$4 -> 19.241477 | U6: =Normalization!X6+plot!BA$4 -> 20.627432 | V6: =Normalization!Y6+plot!BB$4 -> 20.843297 | W6: =Normalization!Z6+plot!BC$4 -> 22.124776 | X6: =Normalization!AA6+plot!BD$4 -> 23.136721 | Y6: =Normalization!AB6+plot!BE$4 -> 23.802547 | Z6: =Normalization!AC6+plot!BF$4 -> 25.354754 | AA6: =Normalization!AE6+plot!BG$4 -> 26.202952 | AB6: =Normalization!Q6+plot!BH$4 -> 26.99003 | AC6: =Normalization!W6+plot!BI$4 -> 27.936404 | AD6: =Normalization!AD6+plot!BJ$4 -> 29.504623 | AE6: =Normalization!V6+plot!BK$4 -> 28.971115
A7: =Normalization!A7 -> 945 | B7: =Normalization!B7+plot!AH$4 -> 0.9951622 | C7: =Normalization!C7+plot!AI$4 -> 2.1533391 | D7: =Normalization!D7+plot!AJ$4 -> 3.0590351 | E7: =Normalization!E7+plot!AK$4 -> 4.1180145 | F7: =Normalization!F7+plot!AL$4 -> 5.0148823 | G7: =Normalization!G7+plot!AM$4 -> 6.0877691 | H7: =Normalization!H7+plot!AN$4 -> 7.1355765 | I7: =Normalization!I7+plot!AO$4 -> 8.2809465 | ... P7: =Normalization!P7+plot!AV$4 -> 15.458722 | Q7: =Normalization!R7+plot!AW$4 -> 16.046792 | R7: =Normalization!S7+plot!AX$4 -> 17.172714 | S7: =Normalization!T7+plot!AY$4 -> 18.022592 | T7: =Normalization!U7+plot!AZ$4 -> 19.223559 | U7: =Normalization!X7+plot!BA$4 -> 20.823023 | V7: =Normalization!Y7+plot!BB$4 -> 20.861177 | W7: =Normalization!Z7+plot!BC$4 -> 22.021044 | X7: =Normalization!AA7+plot!BD$4 -> 22.962266 | Y7: =Normalization!AB7+plot!BE$4 -> 24.344345 | Z7: =Normalization!AC7+plot!BF$4 -> 25.37059 | AA7: =Normalization!AE7+plot!BG$4 -> 26.244985 | AB7: =Normalization!Q7+plot!BH$4 -> 27.056313 | AC7: =Normalization!W7+plot!BI$4 -> 27.92392 | AD7: =Normalization!AD7+plot!BJ$4 -> 29.580442 | AE7: =Normalization!V7+plot!BK$4 -> 29.616866
A8: =Normalization!A8 -> 947 | B8: =Normalization!B8+plot!AH$4 -> 1.0659668 | C8: =Normalization!C8+plot!AI$4 -> 2.1201887 | D8: =Normalization!D8+plot!AJ$4 -> 3.0513285 | E8: =Normalization!E8+plot!AK$4 -> 4.2758681 | F8: =Normalization!F8+plot!AL$4 -> 4.9905213 | G8: =Normalization!G8+plot!AM$4 -> 6.1486588 | H8: =Normalization!H8+plot!AN$4 -> 7.1185942 | I8: =Normalization!I8+plot!AO$4 -> 8.290835 | ... P8: =Normalization!P8+plot!AV$4 -> 15.424638 | Q8: =Normalization!R8+plot!AW$4 -> 16.050215 | R8: =Normalization!S8+plot!AX$4 -> 17.28749 | S8: =Normalization!T8+plot!AY$4 -> 18.064903 | T8: =Normalization!U8+plot!AZ$4 -> 19.209658 | U8: =Normalization!X8+plot!BA$4 -> 20.932781 | V8: =Normalization!Y8+plot!BB$4 -> 20.879747 | W8: =Normalization!Z8+plot!BC$4 -> 22.129727 | X8: =Normalization!AA8+plot!BD$4 -> 23.065666 | Y8: =Normalization!AB8+plot!BE$4 -> 24.477863 | Z8: =Normalization!AC8+plot!BF$4 -> 25.371278 | AA8: =Normalization!AE8+plot!BG$4 -> 26.24089 | AB8: =Normalization!Q8+plot!BH$4 -> 27.091663 | AC8: =Normalization!W8+plot!BI$4 -> 27.941089 | AD8: =Normalization!AD8+plot!BJ$4 -> 29.601612 | AE8: =Normalization!V8+plot!BK$4 -> 29.867975
A9: =Normalization!A9 -> 949 | B9: =Normalization!B9+plot!AH$4 -> 1.0834441 | C9: =Normalization!C9+plot!AI$4 -> 2.1012319 | D9: =Normalization!D9+plot!AJ$4 -> 3.0853178 | E9: =Normalization!E9+plot!AK$4 -> 4.2246901 | F9: =Normalization!F9+plot!AL$4 -> 4.9908558 | G9: =Normalization!G9+plot!AM$4 -> 6.0750087 | H9: =Normalization!H9+plot!AN$4 -> 7.1592046 | I9: =Normalization!I9+plot!AO$4 -> 8.334145 | ... P9: =Normalization!P9+plot!AV$4 -> 15.301618 | Q9: =Normalization!R9+plot!AW$4 -> 16.080943 | R9: =Normalization!S9+plot!AX$4 -> 17.323643 | S9: =Normalization!T9+plot!AY$4 -> 18.092332 | T9: =Normalization!U9+plot!AZ$4 -> 19.177746 | U9: =Normalization!X9+plot!BA$4 -> 20.905927 | V9: =Normalization!Y9+plot!BB$4 -> 20.951359 | W9: =Normalization!Z9+plot!BC$4 -> 22.230615 | X9: =Normalization!AA9+plot!BD$4 -> 22.994051 | Y9: =Normalization!AB9+plot!BE$4 -> 24.501888 | Z9: =Normalization!AC9+plot!BF$4 -> 25.403104 | AA9: =Normalization!AE9+plot!BG$4 -> 26.235444 | AB9: =Normalization!Q9+plot!BH$4 -> 27.164741 | AC9: =Normalization!W9+plot!BI$4 -> 27.977052 | AD9: =Normalization!AD9+plot!BJ$4 -> 29.622353 | AE9: =Normalization!V9+plot!BK$4 -> 30.175114
A10: =Normalization!A10 -> 951 | B10: =Normalization!B10+plot!AH$4 -> 1.0863117 | C10: =Normalization!C10+plot!AI$4 -> 2.1384901 | D10: =Normalization!D10+plot!AJ$4 -> 3.0876599 | E10: =Normalization!E10+plot!AK$4 -> 4.2615221 | F10: =Normalization!F10+plot!AL$4 -> 5.0140391 | G10: =Normalization!G10+plot!AM$4 -> 6.116748 | H10: =Normalization!H10+plot!AN$4 -> 7.1603953 | I10: =Normalization!I10+plot!AO$4 -> 8.3210854 | ... P10: =Normalization!P10+plot!AV$4 -> 15.314756 | Q10: =Normalization!R10+plot!AW$4 -> 16.064634 | R10: =Normalization!S10+plot!AX$4 -> 17.341801 | S10: =Normalization!T10+plot!AY$4 -> 18.072649 | T10: =Normalization!U10+plot!AZ$4 -> 19.217636 | U10: =Normalization!X10+plot!BA$4 -> 20.889938 | V10: =Normalization!Y10+plot!BB$4 -> 20.980487 | W10: =Normalization!Z10+plot!BC$4 -> 22.247174 | X10: =Normalization!AA10+plot!BD$4 -> 23.027747 | Y10: =Normalization!AB10+plot!BE$4 -> 24.574961 | Z10: =Normalization!AC10+plot!BF$4 -> 25.389401 | AA10: =Normalization!AE10+plot!BG$4 -> 26.234051 | AB10: =Normalization!Q10+plot!BH$4 -> 27.311862 | AC10: =Normalization!W10+plot!BI$4 -> 28.022984 | AD10: =Normalization!AD10+plot!BJ$4 -> 29.623905 | AE10: =Normalization!V10+plot!BK$4 -> 30.348943
A11: =Normalization!A11 -> 953 | B11: =Normalization!B11+plot!AH$4 -> 1.0954658 | C11: =Normalization!C11+plot!AI$4 -> 2.1520588 | D11: =Normalization!D11+plot!AJ$4 -> 3.071057 | E11: =Normalization!E11+plot!AK$4 -> 4.2601595 | F11: =Normalization!F11+plot!AL$4 -> 5.0209393 | G11: =Normalization!G11+plot!AM$4 -> 6.2420575 | H11: =Normalization!H11+plot!AN$4 -> 7.1422948 | I11: =Normalization!I11+plot!AO$4 -> 8.314227 | ... P11: =Normalization!P11+plot!AV$4 -> 15.458997 | Q11: =Normalization!R11+plot!AW$4 -> 16.047343 | R11: =Normalization!S11+plot!AX$4 -> 17.375156 | S11: =Normalization!T11+plot!AY$4 -> 18.07083 | T11: =Normalization!U11+plot!AZ$4 -> 19.249018 | U11: =Normalization!X11+plot!BA$4 -> 20.887477 | V11: =Normalization!Y11+plot!BB$4 -> 20.965546 | W11: =Normalization!Z11+plot!BC$4 -> 22.308292 | X11: =Normalization!AA11+plot!BD$4 -> 23.053652 | Y11: =Normalization!AB11+plot!BE$4 -> 24.577117 | Z11: =Normalization!AC11+plot!BF$4 -> 25.470458 | AA11: =Normalization!AE11+plot!BG$4 -> 26.256061 | AB11: =Normalization!Q11+plot!BH$4 -> 27.311528 | AC11: =Normalization!W11+plot!BI$4 -> 28.052252 | AD11: =Normalization!AD11+plot!BJ$4 -> 29.671081 | AE11: =Normalization!V11+plot!BK$4 -> 30.27043
A12: =Normalization!A12 -> 955 | B12: =Normalization!B12+plot!AH$4 -> 1.1196282 | C12: =Normalization!C12+plot!AI$4 -> 2.1619673 | D12: =Normalization!D12+plot!AJ$4 -> 3.0854022 | E12: =Normalization!E12+plot!AK$4 -> 4.257441 | F12: =Normalization!F12+plot!AL$4 -> 5.0226136 | G12: =Normalization!G12+plot!AM$4 -> 6.3102288 | H12: =Normalization!H12+plot!AN$4 -> 7.1340301 | I12: =Normalization!I12+plot!AO$4 -> 8.3058685 | ... P12: =Normalization!P12+plot!AV$4 -> 15.51244 | Q12: =Normalization!R12+plot!AW$4 -> 16.108858 | R12: =Normalization!S12+plot!AX$4 -> 17.401709 | S12: =Normalization!T12+plot!AY$4 -> 18.06144 | T12: =Normalization!U12+plot!AZ$4 -> 19.247622 | U12: =Normalization!X12+plot!BA$4 -> 20.915816 | V12: =Normalization!Y12+plot!BB$4 -> 20.997769 | W12: =Normalization!Z12+plot!BC$4 -> 22.23721 | X12: =Normalization!AA12+plot!BD$4 -> 23.054505 | Y12: =Normalization!AB12+plot!BE$4 -> 24.503436 | Z12: =Normalization!AC12+plot!BF$4 -> 25.451744 | AA12: =Normalization!AE12+plot!BG$4 -> 26.277263 | AB12: =Normalization!Q12+plot!BH$4 -> 27.30533 | AC12: =Normalization!W12+plot!BI$4 -> 28.054702 | AD12: =Normalization!AD12+plot!BJ$4 -> 29.719044 | AE12: =Normalization!V12+plot!BK$4 -> 30.19166
A13: =Normalization!A13 -> 957 | B13: =Normalization!B13+plot!AH$4 -> 1.1438149 | C13: =Normalization!C13+plot!AI$4 -> 2.133246 | D13: =Normalization!D13+plot!AJ$4 -> 3.0990936 | E13: =Normalization!E13+plot!AK$4 -> 4.1341711 | F13: =Normalization!F13+plot!AL$4 -> 5.0206127 | G13: =Normalization!G13+plot!AM$4 -> 6.2732662 | H13: =Normalization!H13+plot!AN$4 -> 7.1845467 | I13: =Normalization!I13+plot!AO$4 -> 8.3113061 | ... P13: =Normalization!P13+plot!AV$4 -> 15.632796 | Q13: =Normalization!R13+plot!AW$4 -> 16.097923 | R13: =Normalization!S13+plot!AX$4 -> 17.388735 | S13: =Normalization!T13+plot!AY$4 -> 18.055806 | T13: =Normalization!U13+plot!AZ$4 -> 19.263389 | U13: =Normalization!X13+plot!BA$4 -> 20.949328 | V13: =Normalization!Y13+plot!BB$4 -> 21.002863 | W13: =Normalization!Z13+plot!BC$4 -> 22.267374 | X13: =Normalization!AA13+plot!BD$4 -> 23.005889 | Y13: =Normalization!AB13+plot!BE$4 -> 24.5513 | Z13: =Normalization!AC13+plot!BF$4 -> 25.482304 | AA13: =Normalization!AE13+plot!BG$4 -> 26.287734 | AB13: =Normalization!Q13+plot!BH$4 -> 27.288671 | AC13: =Normalization!W13+plot!BI$4 -> 28.016869 | AD13: =Normalization!AD13+plot!BJ$4 -> 29.743817 | AE13: =Normalization!V13+plot!BK$4 -> 30.005257
A14: =Normalization!A14 -> 959 | B14: =Normalization!B14+plot!AH$4 -> 1.1392889 | C14: =Normalization!C14+plot!AI$4 -> 2.1358827 | D14: =Normalization!D14+plot!AJ$4 -> 3.1347461 | E14: =Normalization!E14+plot!AK$4 -> 4.0278836 | F14: =Normalization!F14+plot!AL$4 -> 5.0234814 | G14: =Normalization!G14+plot!AM$4 -> 6.1996193 | H14: =Normalization!H14+plot!AN$4 -> 7.2118616 | I14: =Normalization!I14+plot!AO$4 -> 8.3146266 | ... P14: =Normalization!P14+plot!AV$4 -> 15.711124 | Q14: =Normalization!R14+plot!AW$4 -> 16.14548 | R14: =Normalization!S14+plot!AX$4 -> 17.426228 | S14: =Normalization!T14+plot!AY$4 -> 18.068258 | T14: =Normalization!U14+plot!AZ$4 -> 19.265201 | U14: =Normalization!X14+plot!BA$4 -> 20.89678 | V14: =Normalization!Y14+plot!BB$4 -> 21.007042 | W14: =Normalization!Z14+plot!BC$4 -> 22.274144 | X14: =Normalization!AA14+plot!BD$4 -> 23.092093 | Y14: =Normalization!AB14+plot!BE$4 -> 24.497744 | Z14: =Normalization!AC14+plot!BF$4 -> 25.575326 | AA14: =Normalization!AE14+plot!BG$4 -> 26.30298 | AB14: =Normalization!Q14+plot!BH$4 -> 27.27166 | AC14: =Normalization!W14+plot!BI$4 -> 27.999321 | AD14: =Normalization!AD14+plot!BJ$4 -> 29.797922 | AE14: =Normalization!V14+plot!BK$4 -> 30.265105
A15: =Normalization!A15 -> 961 | B15: =Normalization!B15+plot!AH$4 -> 1.1619299 | C15: =Normalization!C15+plot!AI$4 -> 2.1389803 | D15: =Normalization!D15+plot!AJ$4 -> 3.1304473 | E15: =Normalization!E15+plot!AK$4 -> 4.0889448 | F15: =Normalization!F15+plot!AL$4 -> 5.0369238 | G15: =Normalization!G15+plot!AM$4 -> 6.1793301 | H15: =Normalization!H15+plot!AN$4 -> 7.2250272 | I15: =Normalization!I15+plot!AO$4 -> 8.3143255 | ... P15: =Normalization!P15+plot!AV$4 -> 15.509067 | Q15: =Normalization!R15+plot!AW$4 -> 16.145318 | R15: =Normalization!S15+plot!AX$4 -> 17.442822 | S15: =Normalization!T15+plot!AY$4 -> 18.037679 | T15: =Normalization!U15+plot!AZ$4 -> 19.267359 | U15: =Normalization!X15+plot!BA$4 -> 20.811857 | V15: =Normalization!Y15+plot!BB$4 -> 20.970181 | W15: =Normalization!Z15+plot!BC$4 -> 22.303398 | X15: =Normalization!AA15+plot!BD$4 -> 23.132318 | Y15: =Normalization!AB15+plot!BE$4 -> 24.465291 | Z15: =Normalization!AC15+plot!BF$4 -> 25.61016 | AA15: =Normalization!AE15+plot!BG$4 -> 26.311256 | AB15: =Normalization!Q15+plot!BH$4 -> 27.377732 | AC15: =Normalization!W15+plot!BI$4 -> 28.013196 | AD15: =Normalization!AD15+plot!BJ$4 -> 29.886104 | AE15: =Normalization!V15+plot!BK$4 -> 29.881998
A16: =Normalization!A16 -> 963 | B16: =Normalization!B16+plot!AH$4 -> 1.1977475 | C16: =Normalization!C16+plot!AI$4 -> 2.1142617 | D16: =Normalization!D16+plot!AJ$4 -> 3.1424717 | E16: =Normalization!E16+plot!AK$4 -> 4.0735424 | F16: =Normalization!F16+plot!AL$4 -> 5.0377022 | G16: =Normalization!G16+plot!AM$4 -> 6.1836062 | H16: =Normalization!H16+plot!AN$4 -> 7.2202159 | I16: =Normalization!I16+plot!AO$4 -> 8.3084543 | ... P16: =Normalization!P16+plot!AV$4 -> 15.537909 | Q16: =Normalization!R16+plot!AW$4 -> 16.200441 | R16: =Normalization!S16+plot!AX$4 -> 17.353694 | S16: =Normalization!T16+plot!AY$4 -> 17.996145 | T16: =Normalization!U16+plot!AZ$4 -> 19.260342 | U16: =Normalization!X16+plot!BA$4 -> 20.856671 | V16: =Normalization!Y16+plot!BB$4 -> 20.973238 | W16: =Normalization!Z16+plot!BC$4 -> 22.26658 | X16: =Normalization!AA16+plot!BD$4 -> 23.200533 | Y16: =Normalization!AB16+plot!BE$4 -> 24.49214 | Z16: =Normalization!AC16+plot!BF$4 -> 25.589939 | AA16: =Normalization!AE16+plot!BG$4 -> 26.298709 | AB16: =Normalization!Q16+plot!BH$4 -> 27.504452 | AC16: =Normalization!W16+plot!BI$4 -> 28.041389 | AD16: =Normalization!AD16+plot!BJ$4 -> 29.931469 | AE16: =Normalization!V16+plot!BK$4 -> 29.803295
... A589: =Normalization!A589 -> 2995 | B589: =Normalization!B589+plot!AH$4 -> 1.5621224 | C589: =Normalization!C589+plot!AI$4 -> 0.72253007 | D589: =Normalization!D589+plot!AJ$4 -> 2.4046455 | E589: =Normalization!E589+plot!AK$4 -> 1.2402396 | F589: =Normalization!F589+plot!AL$4 -> 4.7033602 | G589: =Normalization!G589+plot!AM$4 -> 5.8421314 | H589: =Normalization!H589+plot!AN$4 -> 7.3458539 | I589: =Normalization!I589+plot!AO$4 -> 8.6026523 | ... P589: =Normalization!P589+plot!AV$4 -> 15.858062 | Q589: =Normalization!R589+plot!AW$4 -> 16.575762 | R589: =Normalization!S589+plot!AX$4 -> 18.95384 | S589: =Normalization!T589+plot!AY$4 -> 17.910783 | T589: =Normalization!U589+plot!AZ$4 -> 19.343013 | U589: =Normalization!X589+plot!BA$4 -> 21.987157 | V589: =Normalization!Y589+plot!BB$4 -> 20.935158 | W589: =Normalization!Z589+plot!BC$4 -> 21.078917 | X589: =Normalization!AA589+plot!BD$4 -> 23.411056 | Y589: =Normalization!AB589+plot!BE$4 -> 23.293976 | Z589: =Normalization!AC589+plot!BF$4 -> 26.001472 | AA589: =Normalization!AE589+plot!BG$4 -> 25.829395 | AB589: =Normalization!Q589+plot!BH$4 -> 24.873871 | AC589: =Normalization!W589+plot!BI$4 -> 27.528681 | AD589: =Normalization!AD589+plot!BJ$4 -> 29.763492 | AE589: =Normalization!V589+plot!BK$4 -> 21.923799
